#pragma once

unsigned char rawData[27552] = {
	0x00, 0x01, 0x00, 0x00, 0x00, 0x0f, 0x00, 0x80, 0x00, 0x03, 0x00, 0x70,
	0x4c, 0x54, 0x53, 0x48, 0x96, 0x4e, 0x7f, 0x5b, 0x00, 0x00, 0x00, 0xfc,
	0x00, 0x00, 0x00, 0xe7, 0x4f, 0x53, 0x2f, 0x32, 0x5d, 0xa6, 0xaa, 0xe2,
	0x00, 0x00, 0x01, 0xe4, 0x00, 0x00, 0x00, 0x4e, 0x63, 0x6d, 0x61, 0x70,
	0xc3, 0x5a, 0x93, 0xc1, 0x00, 0x00, 0x02, 0x34, 0x00, 0x00, 0x01, 0xe4,
	0x63, 0x76, 0x74, 0x20, 0x07, 0x09, 0x00, 0x00, 0x00, 0x00, 0x04, 0x18,
	0x00, 0x00, 0x00, 0x20, 0x66, 0x70, 0x67, 0x6d, 0x7e, 0x84, 0x83, 0x5e,
	0x00, 0x00, 0x04, 0x38, 0x00, 0x00, 0x02, 0xa6, 0x67, 0x6c, 0x79, 0x66,
	0x30, 0x3c, 0x45, 0x45, 0x00, 0x00, 0x06, 0xe0, 0x00, 0x00, 0x42, 0x04,
	0x68, 0x64, 0x6d, 0x78, 0x02, 0xde, 0x2f, 0x43, 0x00, 0x00, 0x48, 0xe4,
	0x00, 0x00, 0x18, 0x80, 0x68, 0x65, 0x61, 0x64, 0xd2, 0xf2, 0x74, 0xdd,
	0x00, 0x00, 0x61, 0x64, 0x00, 0x00, 0x00, 0x36, 0x68, 0x68, 0x65, 0x61,
	0x05, 0xe7, 0x04, 0x04, 0x00, 0x00, 0x61, 0x9c, 0x00, 0x00, 0x00, 0x24,
	0x68, 0x6d, 0x74, 0x78, 0xdc, 0x2c, 0x00, 0x00, 0x00, 0x00, 0x61, 0xc0,
	0x00, 0x00, 0x03, 0x8c, 0x6c, 0x6f, 0x63, 0x61, 0x6d, 0xd8, 0x7f, 0x66,
	0x00, 0x00, 0x65, 0x4c, 0x00, 0x00, 0x01, 0xc8, 0x6d, 0x61, 0x78, 0x70,
	0x02, 0xfe, 0x04, 0x66, 0x00, 0x00, 0x67, 0x14, 0x00, 0x00, 0x00, 0x20,
	0x6e, 0x61, 0x6d, 0x65, 0xa4, 0x8b, 0x99, 0xe5, 0x00, 0x00, 0x67, 0x34,
	0x00, 0x00, 0x02, 0x1f, 0x70, 0x6f, 0x73, 0x74, 0xdf, 0x46, 0xc2, 0xfc,
	0x00, 0x00, 0x69, 0x54, 0x00, 0x00, 0x02, 0x40, 0x70, 0x72, 0x65, 0x70,
	0x76, 0x00, 0x07, 0x56, 0x00, 0x00, 0x6b, 0x94, 0x00, 0x00, 0x00, 0x0c,
	0x00, 0x00, 0x00, 0xe3, 0x19, 0x01, 0x19, 0x19, 0x19, 0x19, 0x19, 0x19,
	0x19, 0x19, 0x19, 0x19, 0x19, 0x19, 0x19, 0x19, 0x19, 0x19, 0x19, 0x19,
	0x19, 0x19, 0x19, 0x19, 0x19, 0x19, 0x19, 0x19, 0x19, 0x19, 0x19, 0x19,
	0x19, 0x19, 0x19, 0x19, 0x19, 0x19, 0x19, 0x19, 0x19, 0x19, 0x19, 0x19,
	0x19, 0x19, 0x19, 0x19, 0x19, 0x19, 0x19, 0x19, 0x19, 0x19, 0x19, 0x19,
	0x19, 0x19, 0x19, 0x19, 0x19, 0x19, 0x19, 0x19, 0x19, 0x19, 0x19, 0x19,
	0x19, 0x19, 0x19, 0x19, 0x19, 0x19, 0x19, 0x19, 0x19, 0x19, 0x19, 0x19,
	0x19, 0x19, 0x19, 0x19, 0x19, 0x19, 0x19, 0x19, 0x19, 0x19, 0x19, 0x19,
	0x19, 0x19, 0x19, 0x19, 0x19, 0x19, 0x19, 0x19, 0x19, 0x19, 0x19, 0x19,
	0x19, 0x19, 0x19, 0x19, 0x19, 0x19, 0x19, 0x19, 0x19, 0x19, 0x19, 0x19,
	0x19, 0x19, 0x19, 0x19, 0x19, 0x19, 0x19, 0x19, 0x19, 0x19, 0x19, 0x19,
	0x19, 0x01, 0x19, 0x19, 0x19, 0x19, 0x19, 0x19, 0x19, 0x19, 0x19, 0x19,
	0x19, 0x19, 0x19, 0x19, 0x19, 0x19, 0x19, 0x19, 0x19, 0x19, 0x19, 0x19,
	0x19, 0x19, 0x19, 0x19, 0x19, 0x19, 0x19, 0x19, 0x19, 0x19, 0x19, 0x19,
	0x19, 0x19, 0x19, 0x19, 0x19, 0x19, 0x19, 0x19, 0x19, 0x19, 0x19, 0x19,
	0x19, 0x19, 0x19, 0x19, 0x19, 0x19, 0x19, 0x19, 0x19, 0x19, 0x19, 0x19,
	0x19, 0x19, 0x19, 0x19, 0x19, 0x19, 0x19, 0x19, 0x19, 0x19, 0x19, 0x19,
	0x19, 0x19, 0x19, 0x19, 0x19, 0x19, 0x19, 0x19, 0x19, 0x19, 0x19, 0x19,
	0x19, 0x19, 0x19, 0x19, 0x19, 0x19, 0x19, 0x19, 0x19, 0x19, 0x19, 0x19,
	0x19, 0x01, 0x01, 0x00, 0x00, 0x00, 0x02, 0x3e, 0x01, 0x90, 0x00, 0x05,
	0x00, 0x00, 0x00, 0x64, 0x00, 0x64, 0x00, 0x00, 0x00, 0x8c, 0x00, 0x64,
	0x00, 0x64, 0x00, 0x00, 0x00, 0x8c, 0x00, 0x32, 0x00, 0xfa, 0x00, 0x00,
	0x00, 0x00, 0x00, 0x00, 0x00, 0x00, 0x00, 0x00, 0x00, 0x00, 0x80, 0x00,
	0x00, 0x03, 0x00, 0x00, 0x00, 0x00, 0x00, 0x00, 0x00, 0x00, 0x00, 0x00,
	0x00, 0x00, 0x45, 0x52, 0x55, 0x43, 0x00, 0x40, 0x00, 0x20, 0xe0, 0x01,
	0x02, 0xee, 0xff, 0x56, 0x00, 0x1e, 0x02, 0xbc, 0x00, 0xc8, 0x00, 0x00,
	0x00, 0x00, 0x00, 0x02, 0x00, 0x01, 0x00, 0x00, 0x00, 0x00, 0x00, 0x14,
	0x00, 0x03, 0x00, 0x01, 0x00, 0x00, 0x01, 0x1a, 0x00, 0x00, 0x01, 0x06,
	0x00, 0x00, 0x00, 0x00, 0x00, 0x00, 0x00, 0x00, 0x00, 0x00, 0x00, 0x00,
	0x00, 0x00, 0x00, 0x00, 0x00, 0x00, 0x00, 0x00, 0x00, 0x00, 0x00, 0x00,
	0x00, 0x00, 0x00, 0x00, 0x00, 0x00, 0x00, 0x00, 0x00, 0x00, 0x01, 0x02,
	0x03, 0x04, 0x05, 0x06, 0x07, 0x08, 0x09, 0x0a, 0x0b, 0x0c, 0x0d, 0x0e,
	0x0f, 0x10, 0x11, 0x12, 0x13, 0x14, 0x15, 0x16, 0x17, 0x18, 0x19, 0x1a,
	0x1b, 0x1c, 0x1d, 0x1e, 0x1f, 0x20, 0x21, 0x22, 0x23, 0x24, 0x25, 0x26,
	0x27, 0x28, 0x29, 0x2a, 0x2b, 0x2c, 0x2d, 0x2e, 0x2f, 0x30, 0x31, 0x32,
	0x33, 0x34, 0x35, 0x36, 0x37, 0x38, 0x39, 0x3a, 0x3b, 0x3c, 0x3d, 0x3e,
	0x3f, 0x40, 0x41, 0x42, 0x43, 0x44, 0x45, 0x46, 0x47, 0x48, 0x49, 0x4a,
	0x4b, 0x4c, 0x4d, 0x4e, 0x4f, 0x50, 0x51, 0x52, 0x53, 0x54, 0x55, 0x56,
	0x57, 0x58, 0x59, 0x5a, 0x5b, 0x5c, 0x5d, 0x5e, 0x5f, 0x00, 0x61, 0x62,
	0x63, 0x64, 0x65, 0x66, 0x67, 0x68, 0x69, 0x6a, 0x6b, 0x6c, 0x6d, 0x6e,
	0x6f, 0x70, 0x71, 0x72, 0x73, 0x74, 0x75, 0x76, 0x77, 0x78, 0x79, 0x7a,
	0x7b, 0x7c, 0x7d, 0x7e, 0x7f, 0x80, 0x81, 0x82, 0x83, 0x84, 0x85, 0x86,
	0x87, 0x88, 0x89, 0x8a, 0x8b, 0x8c, 0x8d, 0x8e, 0x8f, 0x90, 0x91, 0x92,
	0x93, 0x94, 0x95, 0x96, 0x97, 0x98, 0x99, 0x9a, 0x9b, 0x9c, 0x9d, 0x9e,
	0x9f, 0xa0, 0xa1, 0xa2, 0xa3, 0xa4, 0xa5, 0xa6, 0xa7, 0xa8, 0xa9, 0xaa,
	0xab, 0xac, 0xad, 0xae, 0xaf, 0xb0, 0xb1, 0xb2, 0xb3, 0xb4, 0xb5, 0xb6,
	0xb7, 0xb8, 0xb9, 0xba, 0xbb, 0xbc, 0xbd, 0xbe, 0xbf, 0xc0, 0xc1, 0xc2,
	0xc3, 0xc4, 0xc5, 0xc6, 0xc7, 0xc8, 0xc9, 0xca, 0xcb, 0xcc, 0xcd, 0xce,
	0xcf, 0xd0, 0xd1, 0xd2, 0xd3, 0xd4, 0xd5, 0xd6, 0xd7, 0xd8, 0xd9, 0xda,
	0xdb, 0xdc, 0xdd, 0xde, 0xdf, 0xe0, 0x00, 0x04, 0x00, 0xca, 0x00, 0x00,
	0x00, 0x26, 0x00, 0x20, 0x00, 0x04, 0x00, 0x06, 0x00, 0x81, 0x00, 0x90,
	0x00, 0x9e, 0x00, 0xff, 0x01, 0x53, 0x01, 0x61, 0x01, 0x78, 0x01, 0x92,
	0x02, 0xc6, 0x02, 0xdc, 0x20, 0x14, 0x20, 0x22, 0x20, 0x26, 0x20, 0x30,
	0x20, 0x3a, 0x21, 0x22, 0x22, 0x19, 0xe0, 0x01, 0xff, 0xff, 0x00, 0x00,
	0x00, 0x20, 0x00, 0x8d, 0x00, 0x9d, 0x00, 0xa0, 0x01, 0x52, 0x01, 0x60,
	0x01, 0x78, 0x01, 0x92, 0x02, 0xc6, 0x02, 0xdc, 0x20, 0x13, 0x20, 0x18,
	0x20, 0x26, 0x20, 0x30, 0x20, 0x39, 0x21, 0x22, 0x22, 0x19, 0xe0, 0x00,
	0xff, 0xff, 0xff, 0xe1, 0xff, 0xe1, 0xff, 0xe1, 0xff, 0xe1, 0x00, 0x00,
	0x00, 0x00, 0xff, 0x08, 0xfe, 0xd2, 0xfd, 0xa3, 0xfd, 0x9d, 0xe0, 0x64,
	0x00, 0x00, 0xe0, 0x40, 0xe0, 0x3a, 0x00, 0x00, 0xdf, 0x58, 0xde, 0x7f,
	0x20, 0xe1, 0x00, 0x01, 0x00, 0x00, 0x00, 0x00, 0x00, 0x00, 0x00, 0x00,
	0x00, 0x1e, 0x00, 0x20, 0x00, 0x00, 0x00, 0x00, 0x00, 0x00, 0x00, 0x00,
	0x00, 0x00, 0x00, 0x18, 0x00, 0x00, 0x00, 0x00, 0x00, 0x28, 0x00, 0x00,
	0x00, 0x00, 0x00, 0x00, 0x00, 0x00, 0x00, 0x6d, 0x00, 0x7d, 0x00, 0x6b,
	0x00, 0x7b, 0x00, 0x72, 0x00, 0x73, 0x00, 0x63, 0x00, 0x00, 0x00, 0x74,
	0x00, 0x75, 0x00, 0x65, 0x00, 0x00, 0x00, 0x67, 0x00, 0x68, 0x00, 0x76,
	0x00, 0x6c, 0x00, 0x7c, 0x01, 0xf4, 0x00, 0x00, 0x01, 0xf4, 0x00, 0x00,
	0x00, 0x00, 0x00, 0x00, 0xff, 0x9c, 0x00, 0x00, 0x01, 0xf4, 0x00, 0x00,
	0x01, 0xf4, 0x00, 0x00, 0x00, 0x00, 0x00, 0x00, 0xff, 0x9d, 0x00, 0x00,
	0xb8, 0x00, 0x00, 0x2c, 0x4b, 0xb8, 0x00, 0x09, 0x50, 0x58, 0xb1, 0x01,
	0x01, 0x8e, 0x59, 0xb8, 0x01, 0xff, 0x85, 0xb8, 0x00, 0x84, 0x1d, 0xb9,
	0x00, 0x09, 0x00, 0x03, 0x5f, 0x5e, 0x2d, 0xb8, 0x00, 0x01, 0x2c, 0x20,
	0x20, 0x45, 0x69, 0x44, 0xb0, 0x01, 0x60, 0x2d, 0xb8, 0x00, 0x02, 0x2c,
	0xb8, 0x00, 0x01, 0x2a, 0x21, 0x2d, 0xb8, 0x00, 0x03, 0x2c, 0x20, 0x46,
	0xb0, 0x03, 0x25, 0x46, 0x52, 0x58, 0x23, 0x59, 0x20, 0x8a, 0x20, 0x8a,
	0x49, 0x64, 0x8a, 0x20, 0x46, 0x20, 0x68, 0x61, 0x64, 0xb0, 0x04, 0x25,
	0x46, 0x20, 0x68, 0x61, 0x64, 0x52, 0x58, 0x23, 0x65, 0x8a, 0x59, 0x2f,
	0x20, 0xb0, 0x00, 0x53, 0x58, 0x69, 0x20, 0xb0, 0x00, 0x54, 0x58, 0x21,
	0xb0, 0x40, 0x59, 0x1b, 0x69, 0x20, 0xb0, 0x00, 0x54, 0x58, 0x21, 0xb0,
	0x40, 0x65, 0x59, 0x59, 0x3a, 0x2d, 0xb8, 0x00, 0x04, 0x2c, 0x20, 0x46,
	0xb0, 0x04, 0x25, 0x46, 0x52, 0x58, 0x23, 0x8a, 0x59, 0x20, 0x46, 0x20,
	0x6a, 0x61, 0x64, 0xb0, 0x04, 0x25, 0x46, 0x20, 0x6a, 0x61, 0x64, 0x52,
	0x58, 0x23, 0x8a, 0x59, 0x2f, 0xfd, 0x2d, 0xb8, 0x00, 0x05, 0x2c, 0x4b,
	0x20, 0xb0, 0x03, 0x26, 0x50, 0x58, 0x51, 0x58, 0xb0, 0x80, 0x44, 0x1b,
	0xb0, 0x40, 0x44, 0x59, 0x1b, 0x21, 0x21, 0x20, 0x45, 0xb0, 0xc0, 0x50,
	0x58, 0xb0, 0xc0, 0x44, 0x1b, 0x21, 0x59, 0x59, 0x2d, 0xb8, 0x00, 0x06,
	0x2c, 0x20, 0x20, 0x45, 0x69, 0x44, 0xb0, 0x01, 0x60, 0x20, 0x20, 0x45,
	0x7d, 0x69, 0x18, 0x44, 0xb0, 0x01, 0x60, 0x2d, 0xb8, 0x00, 0x07, 0x2c,
	0xb8, 0x00, 0x06, 0x2a, 0x2d, 0xb8, 0x00, 0x08, 0x2c, 0x4b, 0x20, 0xb0,
	0x03, 0x26, 0x53, 0x58, 0xb0, 0x80, 0x1b, 0xb0, 0x40, 0x59, 0x8a, 0x8a,
	0x20, 0xb0, 0x03, 0x26, 0x53, 0x58, 0xb0, 0x02, 0x26, 0x21, 0xb0, 0xc0,
	0x8a, 0x8a, 0x1b, 0x8a, 0x23, 0x59, 0x20, 0xb0, 0x03, 0x26, 0x53, 0x58,
	0x23, 0x21, 0xb8, 0x01, 0x00, 0x8a, 0x8a, 0x1b, 0x8a, 0x23, 0x59, 0x20,
	0xb8, 0x00, 0x03, 0x26, 0x53, 0x58, 0xb0, 0x03, 0x25, 0x45, 0xb8, 0x01,
	0x40, 0x50, 0x58, 0x23, 0x21, 0xb8, 0x01, 0x40, 0x23, 0x21, 0x1b, 0xb0,
	0x03, 0x25, 0x45, 0x23, 0x21, 0x23, 0x21, 0x59, 0x1b, 0x21, 0x59, 0x44,
	0x2d, 0xb8, 0x00, 0x09, 0x2c, 0x4b, 0x53, 0x58, 0x45, 0x44, 0x1b, 0x21,
	0x21, 0x59, 0x2d, 0xb8, 0x00, 0x0a, 0x2c, 0x4b, 0xb8, 0x00, 0x09, 0x50,
	0x58, 0xb1, 0x01, 0x01, 0x8e, 0x59, 0xb8, 0x01, 0xff, 0x85, 0xb8, 0x00,
	0x84, 0x1d, 0xb9, 0x00, 0x09, 0x00, 0x03, 0x5f, 0x5e, 0x2d, 0xb8, 0x00,
	0x0b, 0x2c, 0x20, 0x20, 0x45, 0x69, 0x44, 0xb0, 0x01, 0x60, 0x2d, 0xb8,
	0x00, 0x0c, 0x2c, 0xb8, 0x00, 0x0b, 0x2a, 0x21, 0x2d, 0xb8, 0x00, 0x0d,
	0x2c, 0x20, 0x46, 0xb0, 0x03, 0x25, 0x46, 0x52, 0x58, 0x23, 0x59, 0x20,
	0x8a, 0x20, 0x8a, 0x49, 0x64, 0x8a, 0x20, 0x46, 0x20, 0x68, 0x61, 0x64,
	0xb0, 0x04, 0x25, 0x46, 0x20, 0x68, 0x61, 0x64, 0x52, 0x58, 0x23, 0x65,
	0x8a, 0x59, 0x2f, 0x20, 0xb0, 0x00, 0x53, 0x58, 0x69, 0x20, 0xb0, 0x00,
	0x54, 0x58, 0x21, 0xb0, 0x40, 0x59, 0x1b, 0x69, 0x20, 0xb0, 0x00, 0x54,
	0x58, 0x21, 0xb0, 0x40, 0x65, 0x59, 0x59, 0x3a, 0x2d, 0xb8, 0x00, 0x0e,
	0x2c, 0x20, 0x46, 0xb0, 0x04, 0x25, 0x46, 0x52, 0x58, 0x23, 0x8a, 0x59,
	0x20, 0x46, 0x20, 0x6a, 0x61, 0x64, 0xb0, 0x04, 0x25, 0x46, 0x20, 0x6a,
	0x61, 0x64, 0x52, 0x58, 0x23, 0x8a, 0x59, 0x2f, 0xfd, 0x2d, 0xb8, 0x00,
	0x0f, 0x2c, 0x4b, 0x20, 0xb0, 0x03, 0x26, 0x50, 0x58, 0x51, 0x58, 0xb0,
	0x80, 0x44, 0x1b, 0xb0, 0x40, 0x44, 0x59, 0x1b, 0x21, 0x21, 0x20, 0x45,
	0xb0, 0xc0, 0x50, 0x58, 0xb0, 0xc0, 0x44, 0x1b, 0x21, 0x59, 0x59, 0x2d,
	0xb8, 0x00, 0x10, 0x2c, 0x20, 0x20, 0x45, 0x69, 0x44, 0xb0, 0x01, 0x60,
	0x20, 0x20, 0x45, 0x7d, 0x69, 0x18, 0x44, 0xb0, 0x01, 0x60, 0x2d, 0xb8,
	0x00, 0x11, 0x2c, 0xb8, 0x00, 0x10, 0x2a, 0x2d, 0xb8, 0x00, 0x12, 0x2c,
	0x4b, 0x20, 0xb0, 0x03, 0x26, 0x53, 0x58, 0xb0, 0x80, 0x1b, 0xb0, 0x40,
	0x59, 0x8a, 0x8a, 0x20, 0xb0, 0x03, 0x26, 0x53, 0x58, 0xb0, 0x02, 0x26,
	0x21, 0xb0, 0xc0, 0x8a, 0x8a, 0x1b, 0x8a, 0x23, 0x59, 0x20, 0xb0, 0x03,
	0x26, 0x53, 0x58, 0x23, 0x21, 0xb8, 0x01, 0x00, 0x8a, 0x8a, 0x1b, 0x8a,
	0x23, 0x59, 0x20, 0xb8, 0x00, 0x03, 0x26, 0x53, 0x58, 0xb0, 0x03, 0x25,
	0x45, 0xb8, 0x01, 0x40, 0x50, 0x58, 0x23, 0x21, 0xb8, 0x01, 0x40, 0x23,
	0x21, 0x1b, 0xb0, 0x03, 0x25, 0x45, 0x23, 0x21, 0x23, 0x21, 0x59, 0x1b,
	0x21, 0x59, 0x44, 0x2d, 0xb8, 0x00, 0x13, 0x2c, 0x4b, 0x53, 0x58, 0x45,
	0x44, 0x1b, 0x21, 0x21, 0x59, 0x2d, 0x00, 0x00, 0x00, 0x04, 0x00, 0x00,
	0x00, 0x00, 0x01, 0xf4, 0x01, 0xf4, 0x00, 0x03, 0x00, 0xbb, 0x01, 0x9e,
	0x01, 0xbc, 0x00, 0x0a, 0x40, 0x03, 0x02, 0x00, 0x04, 0x00, 0x3f, 0xdc,
	0x30, 0x31, 0x31, 0x21, 0x11, 0x21, 0x13, 0x23, 0x34, 0x26, 0x35, 0x23,
	0x2e, 0x01, 0x2b, 0x01, 0x0e, 0x01, 0x23, 0x34, 0x36, 0x37, 0x22, 0x23,
	0x22, 0x27, 0x22, 0x26, 0x23, 0x35, 0x34, 0x36, 0x37, 0x34, 0x35, 0x34,
	0x37, 0x30, 0x36, 0x33, 0x36, 0x35, 0x34, 0x26, 0x27, 0x2e, 0x01, 0x3d,
	0x01, 0x34, 0x37, 0x3e, 0x01, 0x37, 0x36, 0x35, 0x34, 0x26, 0x35, 0x34,
	0x37, 0x35, 0x34, 0x2e, 0x02, 0x31, 0x27, 0x35, 0x34, 0x36, 0x3d, 0x01,
	0x30, 0x23, 0x30, 0x35, 0x2e, 0x01, 0x27, 0x35, 0x34, 0x3e, 0x02, 0x3b,
	0x01, 0x32, 0x16, 0x17, 0x33, 0x32, 0x36, 0x33, 0x3e, 0x01, 0x37, 0x32,
	0x36, 0x33, 0x32, 0x16, 0x1d, 0x01, 0x32, 0x36, 0x37, 0x33, 0x32, 0x16,
	0x3b, 0x01, 0x36, 0x33, 0x32, 0x16, 0x17, 0x15, 0x14, 0x06, 0x1d, 0x01,
	0x14, 0x16, 0x17, 0x15, 0x14, 0x0e, 0x02, 0x07, 0x0e, 0x01, 0x15, 0x14,
	0x16, 0x17, 0x14, 0x1e, 0x02, 0x15, 0x1e, 0x01, 0x17, 0x16, 0x1d, 0x01,
	0x07, 0x15, 0x14, 0x16, 0x1d, 0x01, 0x0e, 0x01, 0x23, 0x22, 0x26, 0x27,
	0x2e, 0x01, 0x2b, 0x01, 0x0e, 0x01, 0x23, 0x22, 0x26, 0x27, 0x2e, 0x01,
	0x23, 0x22, 0x06, 0x2b, 0x01, 0x2e, 0x01, 0x27, 0x22, 0x26, 0x31, 0x35,
	0x23, 0x0e, 0x01, 0x07, 0x0e, 0x01, 0x37, 0x32, 0x16, 0x17, 0x32, 0x16,
	0x3b, 0x01, 0x32, 0x36, 0x33, 0x35, 0x30, 0x26, 0x27, 0x26, 0x23, 0x22,
	0x06, 0x23, 0x14, 0x2b, 0x01, 0x22, 0x26, 0x27, 0x22, 0x26, 0x23, 0x22,
	0x26, 0x23, 0x22, 0x26, 0x23, 0x34, 0x26, 0x31, 0x30, 0x26, 0x27, 0x26,
	0x36, 0x26, 0x23, 0x35, 0x34, 0x37, 0x32, 0x36, 0x3b, 0x01, 0x32, 0x36,
	0x37, 0x26, 0x35, 0x34, 0x3d, 0x01, 0x30, 0x36, 0x35, 0x30, 0x26, 0x35,
	0x34, 0x26, 0x27, 0x23, 0x22, 0x26, 0x07, 0x23, 0x06, 0x23, 0x22, 0x27,
	0x2e, 0x01, 0x2f, 0x01, 0x26, 0x36, 0x27, 0x35, 0x37, 0x3e, 0x01, 0x33,
	0x32, 0x16, 0x17, 0x33, 0x3e, 0x01, 0x33, 0x32, 0x36, 0x3d, 0x01, 0x2e,
	0x01, 0x27, 0x34, 0x26, 0x35, 0x30, 0x26, 0x23, 0x22, 0x06, 0x07, 0x0e,
	0x01, 0x23, 0x22, 0x26, 0x23, 0x22, 0x06, 0x2b, 0x01, 0x2e, 0x01, 0x27,
	0x23, 0x22, 0x06, 0x07, 0x14, 0x06, 0x07, 0x0e, 0x01, 0x07, 0x0e, 0x01,
	0x07, 0x0e, 0x01, 0x07, 0x0e, 0x01, 0x07, 0x06, 0x15, 0x14, 0x1d, 0x01,
	0x14, 0x16, 0x15, 0x14, 0x0e, 0x01, 0x15, 0x14, 0x17, 0x1e, 0x01, 0x15,
	0x14, 0x06, 0x07, 0x0e, 0x01, 0x07, 0x16, 0x06, 0x23, 0x0e, 0x01, 0x07,
	0x14, 0x23, 0x07, 0x0e, 0x01, 0x15, 0x14, 0x36, 0x17, 0x16, 0x15, 0x30,
	0x16, 0x33, 0x32, 0x36, 0x33, 0x16, 0x33, 0x17, 0x33, 0x36, 0x37, 0x35,
	0x34, 0x37, 0x3e, 0x01, 0x37, 0x35, 0x3e, 0x01, 0x35, 0x3e, 0x01, 0x3b,
	0x01, 0x14, 0x06, 0x15, 0x17, 0x1e, 0x01, 0x31, 0x17, 0x32, 0x16, 0x17,
	0x16, 0x06, 0x3b, 0x01, 0x37, 0x27, 0x35, 0x36, 0x35, 0x34, 0x36, 0x35,
	0x34, 0x36, 0x3d, 0x01, 0x34, 0x26, 0x35, 0x33, 0x16, 0x33, 0x15, 0x14,
	0x36, 0x07, 0x14, 0x16, 0x1d, 0x01, 0x0e, 0x01, 0x23, 0x22, 0x26, 0x01,
	0xf4, 0xfe, 0x0c, 0x8b, 0x03, 0x01, 0x08, 0x01, 0x05, 0x07, 0x01, 0x0c,
	0x10, 0x0e, 0x06, 0x02, 0x03, 0x07, 0x07, 0x02, 0x02, 0x02, 0x02, 0x04,
	0x02, 0x02, 0x01, 0x01, 0x08, 0x0d, 0x04, 0x05, 0x02, 0x03, 0x02, 0x0f,
	0x02, 0x01, 0x09, 0x01, 0x01, 0x02, 0x01, 0x06, 0x0e, 0x01, 0x02, 0x02,
	0x02, 0x06, 0x07, 0x07, 0x01, 0x0c, 0x02, 0x06, 0x08, 0x17, 0x03, 0x1b,
	0x04, 0x09, 0x10, 0x08, 0x01, 0x01, 0x01, 0x02, 0x13, 0x0c, 0x16, 0x0d,
	0x0a, 0x0e, 0x1a, 0x0e, 0x07, 0x0b, 0x0d, 0x13, 0x20, 0x13, 0x08, 0x03,
	0x05, 0x01, 0x02, 0x03, 0x01, 0x02, 0x04, 0x07, 0x02, 0x01, 0x01, 0x01,
	0x01, 0x03, 0x05, 0x03, 0x14, 0x08, 0x06, 0x16, 0x09, 0x05, 0x04, 0x04,
	0x02, 0x0c, 0x05, 0x03, 0x01, 0x13, 0x04, 0x04, 0x0c, 0x03, 0x05, 0x0d,
	0x06, 0x18, 0x28, 0x16, 0x07, 0x02, 0x08, 0x05, 0x02, 0x03, 0x04, 0x04,
	0x0f, 0x05, 0x02, 0x09, 0xa0, 0x07, 0x06, 0x06, 0x03, 0x04, 0x02, 0x17,
	0x05, 0x21, 0x05, 0x03, 0x01, 0x06, 0x04, 0x02, 0x03, 0x02, 0x03, 0x03,
	0x06, 0x08, 0x06, 0x02, 0x0e, 0x08, 0x07, 0x0e, 0x02, 0x01, 0x04, 0x02,
	0x0a, 0x04, 0x01, 0x02, 0x01, 0x04, 0x04, 0x05, 0x04, 0x16, 0x0b, 0x25,
	0x07, 0x1c, 0x06, 0x01, 0x01, 0x01, 0x01, 0x01, 0x12, 0x06, 0x15, 0x05,
	0x26, 0x05, 0x08, 0x02, 0x04, 0x01, 0x06, 0x02, 0x03, 0x07, 0x02, 0x08,
	0x04, 0x0b, 0x18, 0x0f, 0x07, 0x06, 0x06, 0x23, 0x01, 0x08, 0x04, 0x04,
	0x07, 0x01, 0x02, 0x01, 0x02, 0x01, 0x02, 0x05, 0x06, 0x05, 0x09, 0x13,
	0x08, 0x0b, 0x13, 0x0b, 0x0e, 0x1b, 0x0f, 0x0f, 0x05, 0x04, 0x05, 0x01,
	0x07, 0x0a, 0x04, 0x03, 0x01, 0x01, 0x08, 0x01, 0x02, 0x02, 0x01, 0x03,
	0x05, 0x02, 0x04, 0x02, 0x02, 0x01, 0x03, 0x03, 0x02, 0x02, 0x02, 0x06,
	0x05, 0x04, 0x02, 0x03, 0x02, 0x02, 0x02, 0x02, 0x07, 0x02, 0x01, 0x02,
	0x0a, 0x07, 0x04, 0x02, 0x05, 0x01, 0x02, 0x02, 0x04, 0x03, 0x04, 0x03,
	0x03, 0x04, 0x15, 0x03, 0x06, 0x03, 0x01, 0x07, 0x02, 0x02, 0x02, 0x02,
	0x08, 0x02, 0x1a, 0x03, 0x05, 0x02, 0x05, 0x05, 0x05, 0x09, 0x05, 0x04,
	0x01, 0x09, 0x06, 0x20, 0x6c, 0x05, 0x02, 0x02, 0x04, 0x0b, 0x01, 0x04,
	0x08, 0x01, 0x01, 0x02, 0x0c, 0x05, 0x05, 0x05, 0x01, 0xf4, 0xfe, 0x3c,
	0x01, 0x02, 0x01, 0x06, 0x0d, 0x08, 0x08, 0x05, 0x09, 0x06, 0x01, 0x01,
	0x02, 0x05, 0x05, 0x04, 0x01, 0x02, 0x02, 0x02, 0x02, 0x05, 0x0a, 0x05,
	0x09, 0x05, 0x06, 0x13, 0x08, 0x08, 0x02, 0x03, 0x01, 0x0d, 0x01, 0x01,
	0x03, 0x0e, 0x1a, 0x0e, 0x06, 0x04, 0x14, 0x06, 0x15, 0x13, 0x0f, 0x07,
	0x01, 0x0b, 0x12, 0x0c, 0x07, 0x01, 0x01, 0x06, 0x02, 0x01, 0x02, 0x0a,
	0x0a, 0x08, 0x0b, 0x01, 0x03, 0x02, 0x08, 0x04, 0x01, 0x04, 0x02, 0x11,
	0x10, 0x02, 0x05, 0x07, 0x10, 0x01, 0x09, 0x0e, 0x1a, 0x0e, 0x07, 0x05,
	0x0d, 0x01, 0x13, 0x03, 0x10, 0x12, 0x0f, 0x03, 0x05, 0x07, 0x05, 0x07,
	0x09, 0x07, 0x01, 0x09, 0x0a, 0x09, 0x01, 0x05, 0x0b, 0x03, 0x0e, 0x0e,
	0x03, 0x17, 0x02, 0x0e, 0x19, 0x0e, 0x06, 0x06, 0x08, 0x0a, 0x02, 0x02,
	0x04, 0x05, 0x0c, 0x01, 0x04, 0x05, 0x01, 0x11, 0x05, 0x03, 0x03, 0x04,
	0x08, 0x02, 0x04, 0x02, 0x03, 0x07, 0x48, 0x06, 0x02, 0x01, 0x03, 0x27,
	0x01, 0x01, 0x02, 0x04, 0x01, 0x03, 0x01, 0x01, 0x01, 0x02, 0x01, 0x10,
	0x03, 0x01, 0x03, 0x08, 0x06, 0x03, 0x05, 0x03, 0x02, 0x02, 0x05, 0x04,
	0x03, 0x03, 0x02, 0x10, 0x04, 0x01, 0x06, 0x01, 0x02, 0x07, 0x01, 0x02,
	0x06, 0x08, 0x04, 0x04, 0x03, 0x02, 0x10, 0x04, 0x11, 0x03, 0x0e, 0x03,
	0x08, 0x04, 0x0b, 0x01, 0x02, 0x02, 0x01, 0x01, 0x15, 0x02, 0x03, 0x02,
	0x04, 0x12, 0x04, 0x09, 0x06, 0x01, 0x03, 0x04, 0x03, 0x06, 0x02, 0x04,
	0x04, 0x0e, 0x05, 0x02, 0x04, 0x02, 0x01, 0x11, 0x02, 0x02, 0x03, 0x01,
	0x02, 0x01, 0x01, 0x02, 0x04, 0x01, 0x02, 0x04, 0x04, 0x02, 0x01, 0x03,
	0x04, 0x03, 0x03, 0x0f, 0x04, 0x06, 0x06, 0x01, 0x08, 0x06, 0x07, 0x0a,
	0x16, 0x08, 0x02, 0x09, 0x02, 0x01, 0x02, 0x07, 0x13, 0x08, 0x04, 0x0b,
	0x02, 0x09, 0x06, 0x04, 0x02, 0x02, 0x01, 0x01, 0x02, 0x05, 0x03, 0x02,
	0x05, 0x02, 0x1d, 0x02, 0x03, 0x01, 0x06, 0x02, 0x0c, 0x02, 0x0a, 0x02,
	0x03, 0x02, 0x01, 0x04, 0x02, 0x02, 0x01, 0x03, 0x39, 0x03, 0x01, 0x02,
	0x07, 0x07, 0x88, 0x03, 0x02, 0x04, 0x01, 0x0c, 0x02, 0x02, 0x03, 0x02,
	0x04, 0x04, 0x07, 0x05, 0x05, 0x09, 0x02, 0x01, 0x03, 0x04, 0x0e, 0x05,
	0x0f, 0x03, 0x09, 0x0c, 0x00, 0x02, 0x00, 0x00, 0x00, 0x00, 0x00, 0x64,
	0x01, 0xf4, 0x00, 0x03, 0x00, 0x07, 0x00, 0x16, 0x40, 0x0a, 0x02, 0x04,
	0x04, 0x01, 0x06, 0x00, 0x07, 0x06, 0x07, 0x03, 0x2b, 0x10, 0xd0, 0x10,
	0xd0, 0x00, 0x3f, 0xdc, 0x30, 0x31, 0x35, 0x33, 0x11, 0x23, 0x11, 0x33,
	0x35, 0x23, 0x64, 0x64, 0x64, 0x64, 0xc8, 0x01, 0x2c, 0xfe, 0x0c, 0x64,
	0x00, 0x02, 0x00, 0x00, 0x01, 0x2c, 0x01, 0x2c, 0x01, 0xf4, 0x00, 0x03,
	0x00, 0x07, 0x00, 0x08, 0x40, 0x03, 0x02, 0x03, 0x03, 0x2b, 0x30, 0x31,
	0x11, 0x33, 0x35, 0x23, 0x17, 0x33, 0x35, 0x23, 0x64, 0x64, 0xc8, 0x64,
	0x64, 0x01, 0x2c, 0xc8, 0xc8, 0xc8, 0x00, 0x02, 0x00, 0x00, 0x00, 0x00,
	0x01, 0xf4, 0x01, 0xf4, 0x00, 0x1b, 0x00, 0x1f, 0x00, 0x21, 0x40, 0x10,
	0x0e, 0x18, 0x0a, 0x18, 0x04, 0x00, 0x04, 0x13, 0x17, 0x11, 0x16, 0x0f,
	0x17, 0x17, 0x16, 0x03, 0x2b, 0x10, 0xd0, 0x10, 0xd0, 0x10, 0xd0, 0x00,
	0x3f, 0x3f, 0xdc, 0x10, 0xdc, 0x30, 0x31, 0x21, 0x33, 0x35, 0x33, 0x35,
	0x23, 0x35, 0x33, 0x35, 0x23, 0x35, 0x23, 0x15, 0x23, 0x35, 0x23, 0x15,
	0x23, 0x15, 0x33, 0x15, 0x23, 0x15, 0x33, 0x15, 0x33, 0x35, 0x33, 0x27,
	0x33, 0x15, 0x23, 0x01, 0x2c, 0x64, 0x64, 0x64, 0x64, 0x64, 0x64, 0x64,
	0x64, 0x64, 0x64, 0x64, 0x64, 0x64, 0x64, 0x64, 0x64, 0x64, 0x64, 0x64,
	0x64, 0x64, 0x64, 0x64, 0x64, 0x64, 0x64, 0x64, 0x64, 0x64, 0x64, 0xc8,
	0x64, 0x00, 0x00, 0x01, 0x00, 0x00, 0xff, 0x9c, 0x01, 0xf4, 0x02, 0x58,
	0x00, 0x13, 0x00, 0x19, 0x40, 0x0c, 0x0f, 0x09, 0x00, 0x09, 0x04, 0x05,
	0x04, 0x04, 0x01, 0x0c, 0x01, 0x03, 0x2b, 0x10, 0xd0, 0x00, 0x3f, 0x3f,
	0xdc, 0x10, 0xdc, 0x30, 0x31, 0x19, 0x01, 0x21, 0x15, 0x21, 0x15, 0x33,
	0x15, 0x33, 0x35, 0x33, 0x11, 0x21, 0x35, 0x21, 0x35, 0x23, 0x35, 0x23,
	0x15, 0x01, 0x90, 0xfe, 0x70, 0xc8, 0x64, 0xc8, 0xfe, 0x70, 0x01, 0x90,
	0xc8, 0x64, 0x01, 0xf4, 0xfe, 0xd4, 0x64, 0x64, 0x64, 0x64, 0x01, 0x2c,
	0x64, 0x64, 0x64, 0x64, 0x00, 0x05, 0x00, 0x00, 0x00, 0x00, 0x01, 0xf4,
	0x01, 0xf4, 0x00, 0x0b, 0x00, 0x0f, 0x00, 0x13, 0x00, 0x17, 0x00, 0x1b,
	0x00, 0x1d, 0x40, 0x0e, 0x1a, 0x10, 0x08, 0x10, 0x04, 0x02, 0x04, 0x11,
	0x0c, 0x09, 0x13, 0x0c, 0x13, 0x03, 0x2b, 0x10, 0xd0, 0x10, 0xd0, 0x00,
	0x3f, 0x3f, 0xdc, 0x10, 0xdc, 0x30, 0x31, 0x37, 0x33, 0x15, 0x33, 0x35,
	0x23, 0x35, 0x23, 0x35, 0x23, 0x15, 0x33, 0x07, 0x33, 0x35, 0x23, 0x07,
	0x33, 0x35, 0x23, 0x25, 0x33, 0x35, 0x23, 0x3b, 0x01, 0x35, 0x23, 0xc8,
	0x64, 0xc8, 0xc8, 0x64, 0xc8, 0xc8, 0x64, 0x64, 0x64, 0x64, 0x64, 0x64,
	0x01, 0x2c, 0x64, 0x64, 0x64, 0x64, 0x64, 0xc8, 0xc8, 0xc8, 0x64, 0xc8,
	0xc8, 0xc8, 0x64, 0xc8, 0x64, 0xc8, 0x64, 0x64, 0x00, 0x01, 0x00, 0x00,
	0xff, 0x9c, 0x01, 0xf4, 0x02, 0x58, 0x00, 0x13, 0x00, 0x19, 0x40, 0x0c,
	0x10, 0x06, 0x00, 0x06, 0x04, 0x02, 0x04, 0x0d, 0x09, 0x09, 0x02, 0x03,
	0x2b, 0x10, 0xd0, 0x00, 0x3f, 0x3f, 0xdc, 0x10, 0xdc, 0x30, 0x31, 0x13,
	0x23, 0x11, 0x33, 0x15, 0x33, 0x35, 0x33, 0x35, 0x21, 0x35, 0x21, 0x35,
	0x21, 0x35, 0x21, 0x35, 0x23, 0x35, 0x23, 0xc8, 0xc8, 0xc8, 0x64, 0xc8,
	0xfe, 0x70, 0x01, 0x90, 0xfe, 0x70, 0x01, 0x90, 0xc8, 0x64, 0x01, 0xf4,
	0xfe, 0x0c, 0x64, 0x64, 0x64, 0x64, 0x64, 0x64, 0x64, 0x64, 0x00, 0x01,
	0x00, 0x00, 0x01, 0x2c, 0x00, 0x64, 0x01, 0xf4, 0x00, 0x03, 0x00, 0x08,
	0x40, 0x03, 0x02, 0x03, 0x03, 0x2b, 0x30, 0x31, 0x11, 0x33, 0x35, 0x23,
	0x64, 0x64, 0x01, 0x2c, 0xc8, 0x00, 0x00, 0x02, 0x00, 0x00, 0x00, 0x00,
	0x00, 0xc8, 0x01, 0xf4, 0x00, 0x07, 0x00, 0x0b, 0x00, 0x16, 0x40, 0x0a,
	0x0a, 0x00, 0x04, 0x08, 0x03, 0x00, 0x03, 0x03, 0x06, 0x03, 0x2b, 0x10,
	0xd0, 0x10, 0xd0, 0x00, 0x3f, 0xdc, 0x30, 0x31, 0x3b, 0x01, 0x35, 0x23,
	0x11, 0x23, 0x11, 0x33, 0x11, 0x33, 0x35, 0x23, 0x64, 0x64, 0x64, 0x64,
	0x64, 0x64, 0x64, 0x64, 0x01, 0x2c, 0xfe, 0xd4, 0x01, 0x2c, 0x64, 0x00,
	0x00, 0x02, 0x00, 0x00, 0x00, 0x00, 0x00, 0xc8, 0x01, 0xf4, 0x00, 0x07,
	0x00, 0x0b, 0x00, 0x1a, 0x40, 0x0c, 0x04, 0x08, 0x04, 0x09, 0x00, 0x05,
	0x0b, 0x03, 0x00, 0x00, 0x0b, 0x03, 0x2b, 0x10, 0xd0, 0x10, 0xd0, 0x10,
	0xd0, 0x00, 0x3f, 0xdc, 0x30, 0x31, 0x37, 0x33, 0x11, 0x23, 0x35, 0x23,
	0x15, 0x33, 0x03, 0x33, 0x35, 0x23, 0x64, 0x64, 0x64, 0x64, 0x64, 0x64,
	0x64, 0x64, 0x64, 0x01, 0x2c, 0x64, 0x64, 0xfe, 0x70, 0x64, 0x00, 0x03,
	0x00, 0x00, 0x00, 0xc8, 0x01, 0xf4, 0x01, 0xf4, 0x00, 0x13, 0x00, 0x17,
	0x00, 0x1b, 0x00, 0x14, 0x40, 0x09, 0x19, 0x00, 0x11, 0x1b, 0x0f, 0x00,
	0x00, 0x1b, 0x03, 0x2b, 0x10, 0xd0, 0x10, 0xd0, 0x10, 0xd0, 0x30, 0x31,
	0x13, 0x33, 0x15, 0x33, 0x35, 0x33, 0x15, 0x33, 0x35, 0x23, 0x35, 0x23,
	0x35, 0x23, 0x15, 0x23, 0x35, 0x23, 0x15, 0x33, 0x21, 0x33, 0x35, 0x23,
	0x01, 0x33, 0x35, 0x23, 0x64, 0x64, 0x64, 0x64, 0x64, 0x64, 0x64, 0x64,
	0x64, 0x64, 0x64, 0x01, 0x2c, 0x64, 0x64, 0xfe, 0x70, 0x64, 0x64, 0x01,
	0x2c, 0x64, 0x64, 0x64, 0x64, 0x64, 0x64, 0x64, 0x64, 0x64, 0x64, 0xfe,
	0xd4, 0x64, 0x00, 0x01, 0x00, 0x00, 0x00, 0x00, 0x01, 0xf4, 0x01, 0xf4,
	0x00, 0x0b, 0x00, 0x0a, 0x40, 0x03, 0x08, 0x02, 0x04, 0x00, 0x3f, 0xdc,
	0x30, 0x31, 0x35, 0x33, 0x15, 0x33, 0x35, 0x33, 0x35, 0x23, 0x35, 0x23,
	0x15, 0x23, 0xc8, 0x64, 0xc8, 0xc8, 0x64, 0xc8, 0xc8, 0xc8, 0xc8, 0x64,
	0xc8, 0xc8, 0x00, 0x01, 0x00, 0x00, 0xff, 0x9c, 0x00, 0x64, 0x00, 0x64,
	0x00, 0x03, 0x00, 0x08, 0x40, 0x03, 0x02, 0x03, 0x03, 0x2b, 0x30, 0x31,
	0x15, 0x33, 0x35, 0x23, 0x64, 0x64, 0x64, 0xc8, 0x00, 0x01, 0x00, 0x00,
	0x00, 0xc8, 0x01, 0x2c, 0x01, 0x2c, 0x00, 0x03, 0x00, 0x16, 0x41, 0x07,
	0x00, 0x02, 0x00, 0x03, 0x00, 0x0d, 0xff, 0xff, 0x00, 0x00, 0x00, 0x0c,
	0x00, 0x0a, 0x2b, 0x2b, 0x00, 0x2b, 0x30, 0x31, 0x3d, 0x01, 0x21, 0x15,
	0x01, 0x2c, 0xc8, 0x64, 0x64, 0x00, 0x00, 0x01, 0x00, 0x00, 0x00, 0x00,
	0x00, 0x64, 0x00, 0x64, 0x00, 0x03, 0x00, 0x08, 0x40, 0x03, 0x02, 0x03,
	0x03, 0x2b, 0x30, 0x31, 0x31, 0x33, 0x35, 0x23, 0x64, 0x64, 0x64, 0x00,
	0x00, 0x05, 0x00, 0x00, 0x00, 0x00, 0x01, 0xf4, 0x01, 0xf4, 0x00, 0x03,
	0x00, 0x07, 0x00, 0x0b, 0x00, 0x0f, 0x00, 0x13, 0x00, 0x12, 0x40, 0x08,
	0x12, 0x00, 0x04, 0x04, 0x02, 0x02, 0x03, 0x03, 0x2b, 0x10, 0xd0, 0x00,
	0x3f, 0xdc, 0x30, 0x31, 0x31, 0x33, 0x35, 0x23, 0x3b, 0x01, 0x35, 0x23,
	0x3b, 0x01, 0x35, 0x23, 0x3b, 0x01, 0x35, 0x23, 0x3b, 0x01, 0x35, 0x23,
	0x64, 0x64, 0x64, 0x64, 0x64, 0x64, 0x64, 0x64, 0x64, 0x64, 0x64, 0x64,
	0x64, 0x64, 0x64, 0x64, 0x64, 0x64, 0x64, 0x00, 0x00, 0x02, 0x00, 0x00,
	0x00, 0x00, 0x01, 0xf4, 0x01, 0xf4, 0x00, 0x03, 0x00, 0x07, 0x00, 0x0e,
	0x40, 0x06, 0x02, 0x00, 0x04, 0x04, 0x03, 0x03, 0x2b, 0x00, 0x3f, 0xdc,
	0x30, 0x31, 0x31, 0x21, 0x11, 0x21, 0x17, 0x21, 0x11, 0x21, 0x01, 0xf4,
	0xfe, 0x0c, 0x64, 0x01, 0x2c, 0xfe, 0xd4, 0x01, 0xf4, 0x64, 0xfe, 0xd4,
	0x00, 0x01, 0x00, 0x00, 0x00, 0x00, 0x00, 0xc8, 0x01, 0xf4, 0x00, 0x05,
	0x00, 0x0e, 0x40, 0x06, 0x04, 0x02, 0x04, 0x01, 0x00, 0x03, 0x2b, 0x00,
	0x3f, 0xdc, 0x30, 0x31, 0x11, 0x33, 0x11, 0x33, 0x11, 0x23, 0x64, 0x64,
	0xc8, 0x01, 0x90, 0xfe, 0x70, 0x01, 0xf4, 0x00, 0x00, 0x01, 0x00, 0x00,
	0x00, 0x00, 0x01, 0xf4, 0x01, 0xf4, 0x00, 0x0b, 0x00, 0x12, 0x40, 0x08,
	0x0a, 0x04, 0x04, 0x00, 0x03, 0x08, 0x03, 0x03, 0x2b, 0x10, 0xd0, 0x00,
	0x3f, 0xdc, 0x30, 0x31, 0x11, 0x21, 0x15, 0x21, 0x11, 0x21, 0x35, 0x21,
	0x35, 0x21, 0x11, 0x21, 0x01, 0x90, 0xfe, 0x70, 0x01, 0xf4, 0xfe, 0x70,
	0x01, 0x90, 0xfe, 0x0c, 0x01, 0x90, 0x64, 0xfe, 0xd4, 0x64, 0x64, 0x01,
	0x2c, 0x00, 0x00, 0x01, 0x00, 0x00, 0x00, 0x00, 0x01, 0xf4, 0x01, 0xf4,
	0x00, 0x0b, 0x00, 0x0a, 0x40, 0x03, 0x0a, 0x08, 0x04, 0x00, 0x3f, 0xdc,
	0x30, 0x31, 0x11, 0x21, 0x15, 0x23, 0x15, 0x33, 0x15, 0x21, 0x15, 0x21,
	0x11, 0x21, 0x01, 0x90, 0xc8, 0xc8, 0xfe, 0x70, 0x01, 0xf4, 0xfe, 0x0c,
	0x01, 0x90, 0x64, 0x64, 0x64, 0x64, 0x01, 0xf4, 0x00, 0x01, 0x00, 0x00,
	0x00, 0x00, 0x01, 0xf4, 0x01, 0xf4, 0x00, 0x09, 0x00, 0x12, 0x40, 0x08,
	0x08, 0x02, 0x04, 0x02, 0x04, 0x08, 0x09, 0x03, 0x2b, 0x00, 0x3f, 0xdc,
	0x10, 0xdc, 0x30, 0x31, 0x35, 0x21, 0x15, 0x33, 0x11, 0x23, 0x15, 0x21,
	0x35, 0x23, 0x01, 0x90, 0x64, 0x64, 0xfe, 0xd4, 0x64, 0xc8, 0xc8, 0x01,
	0xf4, 0xc8, 0xc8, 0x00, 0x00, 0x01, 0x00, 0x00, 0x00, 0x00, 0x01, 0xf4,
	0x01, 0xf4, 0x00, 0x0b, 0x00, 0x12, 0x40, 0x08, 0x00, 0x05, 0x04, 0x04,
	0x01, 0x08, 0x01, 0x03, 0x2b, 0x10, 0xd0, 0x00, 0x3f, 0xdc, 0x30, 0x31,
	0x19, 0x01, 0x21, 0x15, 0x21, 0x15, 0x21, 0x11, 0x21, 0x35, 0x21, 0x35,
	0x01, 0x90, 0xfe, 0x70, 0x01, 0xf4, 0xfe, 0x70, 0x01, 0x90, 0x01, 0xf4,
	0xfe, 0xd4, 0x64, 0x64, 0x01, 0x2c, 0x64, 0x64, 0x00, 0x02, 0x00, 0x00,
	0x00, 0x00, 0x01, 0xf4, 0x01, 0xf4, 0x00, 0x07, 0x00, 0x0b, 0x00, 0x12,
	0x40, 0x08, 0x06, 0x00, 0x04, 0x08, 0x04, 0x04, 0x07, 0x03, 0x2b, 0x10,
	0xd0, 0x00, 0x3f, 0xdc, 0x30, 0x31, 0x31, 0x21, 0x11, 0x21, 0x35, 0x21,
	0x35, 0x21, 0x13, 0x21, 0x15, 0x21, 0x01, 0xf4, 0xfe, 0x70, 0x01, 0x90,
	0xfe, 0x0c, 0x64, 0x01, 0x2c, 0xfe, 0xd4, 0x01, 0x2c, 0x64, 0x64, 0xfe,
	0xd4, 0x64, 0x00, 0x01, 0x00, 0x00, 0x00, 0x00, 0x01, 0xf4, 0x01, 0xf4,
	0x00, 0x05, 0x00, 0x0a, 0x40, 0x03, 0x04, 0x02, 0x04, 0x00, 0x3f, 0xdc,
	0x30, 0x31, 0x11, 0x21, 0x11, 0x33, 0x11, 0x21, 0x01, 0x90, 0x64, 0xfe,
	0x0c, 0x01, 0x90, 0xfe, 0x70, 0x01, 0xf4, 0x00, 0x00, 0x03, 0x00, 0x00,
	0x00, 0x00, 0x01, 0xf4, 0x01, 0xf4, 0x00, 0x03, 0x00, 0x07, 0x00, 0x0b,
	0x00, 0x12, 0x40, 0x08, 0x02, 0x00, 0x04, 0x04, 0x08, 0x08, 0x03, 0x03,
	0x2b, 0x10, 0xd0, 0x00, 0x3f, 0xdc, 0x30, 0x31, 0x31, 0x21, 0x11, 0x21,
	0x13, 0x21, 0x15, 0x21, 0x11, 0x21, 0x15, 0x21, 0x01, 0xf4, 0xfe, 0x0c,
	0x64, 0x01, 0x2c, 0xfe, 0xd4, 0x01, 0x2c, 0xfe, 0xd4, 0x01, 0xf4, 0xfe,
	0xd4, 0x64, 0x01, 0x2c, 0x64, 0x00, 0x00, 0x02, 0x00, 0x00, 0x00, 0x00,
	0x01, 0xf4, 0x01, 0xf4, 0x00, 0x05, 0x00, 0x09, 0x00, 0x0e, 0x40, 0x06,
	0x04, 0x02, 0x04, 0x06, 0x05, 0x03, 0x2b, 0x00, 0x3f, 0xdc, 0x30, 0x31,
	0x35, 0x21, 0x15, 0x33, 0x11, 0x21, 0x17, 0x21, 0x15, 0x21, 0x01, 0x90,
	0x64, 0xfe, 0x0c, 0x64, 0x01, 0x2c, 0xfe, 0xd4, 0xc8, 0xc8, 0x01, 0xf4,
	0x64, 0x64, 0x00, 0x02, 0x00, 0x00, 0x00, 0x00, 0x00, 0x64, 0x01, 0xf4,
	0x00, 0x03, 0x00, 0x07, 0x00, 0x16, 0x40, 0x0a, 0x02, 0x04, 0x04, 0x01,
	0x06, 0x00, 0x07, 0x06, 0x07, 0x03, 0x2b, 0x10, 0xd0, 0x10, 0xd0, 0x00,
	0x3f, 0xdc, 0x30, 0x31, 0x11, 0x33, 0x35, 0x23, 0x11, 0x33, 0x35, 0x23,
	0x64, 0x64, 0x64, 0x64, 0x01, 0x90, 0x64, 0xfe, 0x0c, 0x64, 0x00, 0x02,
	0x00, 0x00, 0xff, 0x9c, 0x00, 0x64, 0x01, 0xf4, 0x00, 0x03, 0x00, 0x07,
	0x00, 0x10, 0x40, 0x07, 0x01, 0x06, 0x00, 0x07, 0x06, 0x07, 0x03, 0x2b,
	0x10, 0xd0, 0x10, 0xd0, 0x30, 0x31, 0x15, 0x33, 0x35, 0x23, 0x11, 0x33,
	0x35, 0x23, 0x64, 0x64, 0x64, 0x64, 0x64, 0xc8, 0x01, 0x2c, 0x64, 0x00,
	0x00, 0x03, 0x00, 0x00, 0x00, 0x00, 0x01, 0x2c, 0x01, 0xf4, 0x00, 0x0b,
	0x00, 0x0f, 0x00, 0x13, 0x00, 0x16, 0x40, 0x0a, 0x12, 0x02, 0x04, 0x0c,
	0x07, 0x00, 0x07, 0x07, 0x0a, 0x03, 0x2b, 0x10, 0xd0, 0x10, 0xd0, 0x00,
	0x3f, 0xdc, 0x30, 0x31, 0x37, 0x33, 0x15, 0x33, 0x35, 0x23, 0x35, 0x23,
	0x35, 0x23, 0x15, 0x33, 0x35, 0x33, 0x35, 0x23, 0x3b, 0x01, 0x35, 0x23,
	0x64, 0x64, 0x64, 0x64, 0x64, 0x64, 0x64, 0x64, 0x64, 0x64, 0x64, 0x64,
	0x64, 0x64, 0x64, 0x64, 0x64, 0x64, 0x64, 0x64, 0x64, 0x00, 0x00, 0x02,
	0x00, 0x00, 0x00, 0x64, 0x01, 0xf4, 0x01, 0x90, 0x00, 0x03, 0x00, 0x07,
	0x00, 0x1d, 0x41, 0x0a, 0x00, 0x06, 0x00, 0x07, 0x00, 0x0d, 0x00, 0x02,
	0x00, 0x03, 0x00, 0x0d, 0xff, 0xff, 0x00, 0x00, 0x00, 0x0c, 0x00, 0x0a,
	0x2b, 0x2b, 0x00, 0x2b, 0x2b, 0x30, 0x31, 0x11, 0x35, 0x21, 0x15, 0x05,
	0x35, 0x21, 0x15, 0x01, 0xf4, 0xfe, 0x0c, 0x01, 0xf4, 0x01, 0x2c, 0x64,
	0x64, 0xc8, 0x64, 0x64, 0x00, 0x03, 0x00, 0x00, 0x00, 0x00, 0x01, 0x2c,
	0x01, 0xf4, 0x00, 0x0b, 0x00, 0x0f, 0x00, 0x13, 0x00, 0x1e, 0x40, 0x0e,
	0x08, 0x10, 0x04, 0x11, 0x0c, 0x09, 0x13, 0x07, 0x0c, 0x00, 0x0c, 0x0c,
	0x13, 0x03, 0x2b, 0x10, 0xd0, 0x10, 0xd0, 0x10, 0xd0, 0x10, 0xd0, 0x00,
	0x3f, 0xdc, 0x30, 0x31, 0x13, 0x33, 0x15, 0x33, 0x35, 0x23, 0x35, 0x23,
	0x35, 0x23, 0x15, 0x33, 0x11, 0x33, 0x35, 0x23, 0x07, 0x33, 0x35, 0x23,
	0x64, 0x64, 0x64, 0x64, 0x64, 0x64, 0x64, 0x64, 0x64, 0x64, 0x64, 0x64,
	0x01, 0x2c, 0x64, 0x64, 0x64, 0x64, 0x64, 0xfe, 0xd4, 0x64, 0xc8, 0x64,
	0x00, 0x02, 0x00, 0x00, 0x00, 0x00, 0x01, 0xf4, 0x01, 0xf4, 0x00, 0x07,
	0x00, 0x0b, 0x00, 0x0a, 0x40, 0x03, 0x06, 0x08, 0x04, 0x00, 0x3f, 0xdc,
	0x30, 0x31, 0x11, 0x21, 0x15, 0x23, 0x15, 0x21, 0x11, 0x21, 0x13, 0x33,
	0x35, 0x23, 0x01, 0x90, 0xc8, 0x01, 0x2c, 0xfe, 0x0c, 0xc8, 0x64, 0x64,
	0x01, 0x90, 0x64, 0x64, 0x01, 0x2c, 0xfe, 0x0c, 0x64, 0x00, 0x00, 0x02,
	0x00, 0x00, 0x00, 0x00, 0x01, 0xf4, 0x01, 0xf4, 0x00, 0x09, 0x00, 0x0d,
	0x00, 0x11, 0x40, 0x08, 0x02, 0x04, 0x04, 0x00, 0x04, 0x05, 0x04, 0x03,
	0x2b, 0x00, 0x3f, 0x3f, 0xdc, 0x30, 0x31, 0x33, 0x21, 0x11, 0x21, 0x11,
	0x33, 0x11, 0x21, 0x15, 0x23, 0x17, 0x33, 0x15, 0x23, 0xc8, 0x01, 0x2c,
	0xfe, 0x0c, 0x64, 0x01, 0x2c, 0xc8, 0x64, 0x64, 0x64, 0x01, 0xf4, 0xfe,
	0x0c, 0x01, 0x90, 0x64, 0x64, 0x64, 0x00, 0x02, 0x00, 0x00, 0x00, 0x00,
	0x01, 0xf4, 0x01, 0xf4, 0x00, 0x07, 0x00, 0x0b, 0x00, 0x15, 0x40, 0x0a,
	0x02, 0x04, 0x04, 0x00, 0x04, 0x08, 0x05, 0x05, 0x04, 0x03, 0x2b, 0x10,
	0xd0, 0x00, 0x3f, 0x3f, 0xdc, 0x30, 0x31, 0x21, 0x33, 0x11, 0x21, 0x11,
	0x33, 0x35, 0x21, 0x25, 0x21, 0x15, 0x21, 0x01, 0x90, 0x64, 0xfe, 0x0c,
	0x64, 0x01, 0x2c, 0xfe, 0xd4, 0x01, 0x2c, 0xfe, 0xd4, 0x01, 0xf4, 0xfe,
	0x0c, 0xc8, 0xc8, 0x64, 0x00, 0x02, 0x00, 0x00, 0x00, 0x00, 0x01, 0xf4,
	0x01, 0xf4, 0x00, 0x0b, 0x00, 0x0f, 0x00, 0x12, 0x40, 0x08, 0x0a, 0x00,
	0x04, 0x03, 0x0e, 0x0e, 0x0b, 0x03, 0x2b, 0x10, 0xd0, 0x00, 0x3f, 0xdc,
	0x30, 0x31, 0x31, 0x21, 0x35, 0x21, 0x35, 0x21, 0x15, 0x33, 0x11, 0x23,
	0x35, 0x21, 0x05, 0x21, 0x35, 0x21, 0x01, 0x90, 0xfe, 0xd4, 0x01, 0x2c,
	0x64, 0x64, 0xfe, 0x70, 0x01, 0x90, 0xfe, 0xd4, 0x01, 0x2c, 0x64, 0x64,
	0x64, 0x01, 0x2c, 0x64, 0xc8, 0x64, 0x00, 0x01, 0x00, 0x00, 0x00, 0x00,
	0x01, 0xf4, 0x01, 0xf4, 0x00, 0x07, 0x00, 0x0e, 0x40, 0x06, 0x06, 0x00,
	0x04, 0x04, 0x07, 0x03, 0x2b, 0x00, 0x3f, 0xdc, 0x30, 0x31, 0x31, 0x21,
	0x35, 0x21, 0x11, 0x21, 0x35, 0x21, 0x01, 0xf4, 0xfe, 0x70, 0x01, 0x90,
	0xfe, 0x0c, 0x64, 0x01, 0x2c, 0x64, 0x00, 0x01, 0x00, 0x00, 0x00, 0x00,
	0x01, 0xf4, 0x01, 0xf4, 0x00, 0x0b, 0x00, 0x0e, 0x40, 0x06, 0x0a, 0x00,
	0x04, 0x04, 0x0b, 0x03, 0x2b, 0x00, 0x3f, 0xdc, 0x30, 0x31, 0x31, 0x21,
	0x35, 0x21, 0x11, 0x21, 0x11, 0x33, 0x11, 0x23, 0x35, 0x21, 0x01, 0x90,
	0xfe, 0xd4, 0x01, 0x2c, 0x64, 0x64, 0xfe, 0x70, 0x64, 0x01, 0x2c, 0xfe,
	0xd4, 0x01, 0x2c, 0x64, 0x00, 0x01, 0x00, 0x00, 0x00, 0x00, 0x01, 0xf4,
	0x01, 0xf4, 0x00, 0x0b, 0x00, 0x12, 0x40, 0x08, 0x0a, 0x00, 0x04, 0x03,
	0x08, 0x08, 0x0b, 0x03, 0x2b, 0x10, 0xd0, 0x00, 0x3f, 0xdc, 0x30, 0x31,
	0x31, 0x21, 0x35, 0x21, 0x35, 0x33, 0x35, 0x23, 0x35, 0x21, 0x35, 0x21,
	0x01, 0xf4, 0xfe, 0x70, 0xc8, 0xc8, 0x01, 0x90, 0xfe, 0x0c, 0x64, 0x64,
	0x64, 0x64, 0x64, 0x00, 0x00, 0x01, 0x00, 0x00, 0x00, 0x00, 0x01, 0xf4,
	0x01, 0xf4, 0x00, 0x09, 0x00, 0x12, 0x40, 0x08, 0x08, 0x00, 0x04, 0x01,
	0x06, 0x06, 0x09, 0x03, 0x2b, 0x10, 0xd0, 0x00, 0x3f, 0xdc, 0x30, 0x31,
	0x31, 0x33, 0x35, 0x33, 0x35, 0x23, 0x35, 0x21, 0x35, 0x21, 0x64, 0xc8,
	0xc8, 0x01, 0x90, 0xfe, 0x0c, 0xc8, 0x64, 0x64, 0x64, 0x00, 0x00, 0x01,
	0x00, 0x00, 0x00, 0x00, 0x01, 0xf4, 0x01, 0xf4, 0x00, 0x0b, 0x00, 0x0e,
	0x40, 0x06, 0x0a, 0x00, 0x04, 0x08, 0x0b, 0x03, 0x2b, 0x00, 0x3f, 0xdc,
	0x30, 0x31, 0x31, 0x21, 0x11, 0x21, 0x15, 0x33, 0x15, 0x21, 0x11, 0x21,
	0x35, 0x21, 0x01, 0xf4, 0xfe, 0xd4, 0xc8, 0xfe, 0xd4, 0x01, 0x90, 0xfe,
	0x0c, 0x01, 0x2c, 0x64, 0x64, 0x01, 0x2c, 0x64, 0x00, 0x01, 0x00, 0x00,
	0x00, 0x00, 0x01, 0xf4, 0x01, 0xf4, 0x00, 0x0b, 0x00, 0x19, 0x40, 0x0c,
	0x06, 0x08, 0x02, 0x08, 0x04, 0x00, 0x04, 0x05, 0x09, 0x09, 0x08, 0x03,
	0x2b, 0x10, 0xd0, 0x00, 0x3f, 0x3f, 0xdc, 0x10, 0xdc, 0x30, 0x31, 0x21,
	0x33, 0x11, 0x23, 0x15, 0x21, 0x35, 0x23, 0x11, 0x33, 0x35, 0x21, 0x01,
	0x90, 0x64, 0x64, 0xfe, 0xd4, 0x64, 0x64, 0x01, 0x2c, 0x01, 0xf4, 0xc8,
	0xc8, 0xfe, 0x0c, 0xc8, 0x00, 0x01, 0x00, 0x00, 0x00, 0x00, 0x01, 0xf4,
	0x01, 0xf4, 0x00, 0x0b, 0x00, 0x0a, 0x40, 0x03, 0x0a, 0x04, 0x04, 0x00,
	0x3f, 0xdc, 0x30, 0x31, 0x11, 0x33, 0x11, 0x23, 0x15, 0x21, 0x35, 0x23,
	0x11, 0x33, 0x35, 0x21, 0xc8, 0xc8, 0x01, 0xf4, 0xc8, 0xc8, 0xfe, 0x0c,
	0x01, 0x90, 0xfe, 0xd4, 0x64, 0x64, 0x01, 0x2c, 0x64, 0x00, 0x00, 0x01,
	0x00, 0x00, 0x00, 0x00, 0x01, 0xf4, 0x01, 0xf4, 0x00, 0x07, 0x00, 0x0e,
	0x40, 0x06, 0x02, 0x00, 0x04, 0x06, 0x07, 0x03, 0x2b, 0x00, 0x3f, 0xdc,
	0x30, 0x31, 0x31, 0x21, 0x11, 0x23, 0x11, 0x21, 0x35, 0x23, 0x01, 0xf4,
	0x64, 0xfe, 0xd4, 0x64, 0x01, 0xf4, 0xfe, 0x70, 0x64, 0x00, 0x00, 0x03,
	0x00, 0x00, 0x00, 0x00, 0x01, 0xf4, 0x01, 0xf4, 0x00, 0x0f, 0x00, 0x13,
	0x00, 0x17, 0x00, 0x19, 0x40, 0x0c, 0x16, 0x0c, 0x0a, 0x0c, 0x04, 0x02,
	0x04, 0x09, 0x0d, 0x0d, 0x0c, 0x03, 0x2b, 0x10, 0xd0, 0x00, 0x3f, 0x3f,
	0xdc, 0x10, 0xdc, 0x30, 0x31, 0x25, 0x33, 0x15, 0x33, 0x35, 0x23, 0x35,
	0x23, 0x35, 0x23, 0x35, 0x23, 0x11, 0x33, 0x35, 0x33, 0x37, 0x35, 0x23,
	0x15, 0x37, 0x33, 0x35, 0x23, 0x01, 0x2c, 0x64, 0x64, 0x64, 0x64, 0xc8,
	0x64, 0x64, 0xc8, 0x64, 0x64, 0x64, 0x64, 0x64, 0x64, 0x64, 0x64, 0x64,
	0x64, 0xc8, 0xfe, 0x0c, 0xc8, 0x64, 0x64, 0x64, 0x64, 0x64, 0x00, 0x01,
	0x00, 0x00, 0x00, 0x00, 0x01, 0xf4, 0x01, 0xf4, 0x00, 0x05, 0x00, 0x0e,
	0x40, 0x06, 0x04, 0x00, 0x04, 0x04, 0x05, 0x03, 0x2b, 0x00, 0x3f, 0xdc,
	0x30, 0x31, 0x31, 0x21, 0x35, 0x21, 0x11, 0x23, 0x01, 0xf4, 0xfe, 0x70,
	0x64, 0x64, 0x01, 0x90, 0x00, 0x02, 0x00, 0x00, 0x00, 0x00, 0x01, 0xf4,
	0x01, 0xf4, 0x00, 0x0b, 0x00, 0x13, 0x00, 0x19, 0x40, 0x0c, 0x0e, 0x0c,
	0x08, 0x0c, 0x04, 0x0a, 0x04, 0x07, 0x0b, 0x0b, 0x0a, 0x03, 0x2b, 0x10,
	0xd0, 0x00, 0x3f, 0x3f, 0xdc, 0x10, 0xdc, 0x30, 0x31, 0x13, 0x33, 0x15,
	0x33, 0x35, 0x23, 0x35, 0x23, 0x35, 0x23, 0x11, 0x33, 0x21, 0x33, 0x11,
	0x23, 0x15, 0x23, 0x15, 0x33, 0x64, 0x64, 0x64, 0x64, 0x64, 0x64, 0x64,
	0x01, 0x2c, 0x64, 0x64, 0x64, 0x64, 0x01, 0x2c, 0x64, 0x64, 0x64, 0x64,
	0xfe, 0x0c, 0x01, 0xf4, 0x64, 0x64, 0x00, 0x01, 0x00, 0x00, 0x00, 0x00,
	0x01, 0xf4, 0x01, 0xf4, 0x00, 0x13, 0x00, 0x19, 0x40, 0x0c, 0x10, 0x12,
	0x08, 0x12, 0x04, 0x06, 0x04, 0x0f, 0x13, 0x13, 0x12, 0x03, 0x2b, 0x10,
	0xd0, 0x00, 0x3f, 0x3f, 0xdc, 0x10, 0xdc, 0x30, 0x31, 0x13, 0x33, 0x15,
	0x33, 0x15, 0x33, 0x15, 0x33, 0x11, 0x23, 0x11, 0x23, 0x35, 0x23, 0x35,
	0x23, 0x35, 0x23, 0x11, 0x33, 0x64, 0x64, 0x64, 0x64, 0x64, 0x64, 0x64,
	0x64, 0x64, 0x64, 0x64, 0x01, 0x2c, 0x64, 0x64, 0x64, 0x01, 0xf4, 0xfe,
	0xd4, 0x64, 0x64, 0x64, 0xfe, 0x0c, 0x00, 0x02, 0x00, 0x00, 0x00, 0x00,
	0x01, 0xf4, 0x01, 0xf4, 0x00, 0x03, 0x00, 0x07, 0x00, 0x0e, 0x40, 0x06,
	0x02, 0x00, 0x04, 0x04, 0x03, 0x03, 0x2b, 0x00, 0x3f, 0xdc, 0x30, 0x31,
	0x31, 0x21, 0x11, 0x21, 0x17, 0x21, 0x11, 0x21, 0x01, 0xf4, 0xfe, 0x0c,
	0x64, 0x01, 0x2c, 0xfe, 0xd4, 0x01, 0xf4, 0x64, 0xfe, 0xd4, 0x00, 0x02,
	0x00, 0x00, 0x00, 0x00, 0x01, 0xf4, 0x01, 0xf4, 0x00, 0x07, 0x00, 0x0b,
	0x00, 0x12, 0x40, 0x08, 0x04, 0x06, 0x04, 0x0a, 0x07, 0x07, 0x06, 0x03,
	0x2b, 0x10, 0xd0, 0x00, 0x3f, 0xdc, 0x30, 0x31, 0x37, 0x21, 0x35, 0x23,
	0x35, 0x21, 0x11, 0x33, 0x01, 0x15, 0x21, 0x35, 0x64, 0x01, 0x90, 0x64,
	0xfe, 0x70, 0x64, 0x01, 0x2c, 0xfe, 0xd4, 0xc8, 0xc8, 0x64, 0xfe, 0x0c,
	0x01, 0x90, 0x64, 0x64, 0x00, 0x02, 0x00, 0x00, 0xff, 0x9c, 0x01, 0xf4,
	0x01, 0xf4, 0x00, 0x07, 0x00, 0x0f, 0x00, 0x11, 0x40, 0x08, 0x06, 0x04,
	0x04, 0x00, 0x04, 0x0c, 0x07, 0x03, 0x2b, 0x00, 0x3f, 0x3f, 0xdc, 0x30,
	0x31, 0x31, 0x33, 0x15, 0x33, 0x35, 0x33, 0x11, 0x21, 0x01, 0x23, 0x15,
	0x23, 0x11, 0x21, 0x11, 0x23, 0xc8, 0x64, 0xc8, 0xfe, 0x0c, 0x01, 0x2c,
	0x64, 0x64, 0x01, 0x2c, 0x64, 0x64, 0x64, 0x01, 0xf4, 0xfe, 0xd4, 0x64,
	0x01, 0x2c, 0xfe, 0xd4, 0x00, 0x02, 0x00, 0x00, 0x00, 0x00, 0x01, 0xf4,
	0x01, 0xf4, 0x00, 0x0f, 0x00, 0x13, 0x00, 0x15, 0x40, 0x0a, 0x0e, 0x06,
	0x04, 0x00, 0x04, 0x01, 0x13, 0x13, 0x0f, 0x03, 0x2b, 0x10, 0xd0, 0x00,
	0x3f, 0x3f, 0xdc, 0x30, 0x31, 0x31, 0x33, 0x35, 0x33, 0x15, 0x33, 0x15,
	0x33, 0x35, 0x23, 0x35, 0x33, 0x35, 0x23, 0x35, 0x21, 0x05, 0x15, 0x21,
	0x35, 0x64, 0xc8, 0x64, 0x64, 0x64, 0x64, 0x64, 0xfe, 0x70, 0x01, 0x90,
	0xfe, 0xd4, 0xc8, 0x64, 0x64, 0x64, 0x64, 0xc8, 0x64, 0x64, 0x64, 0x64,
	0x00, 0x01, 0x00, 0x00, 0x00, 0x00, 0x01, 0xf4, 0x01, 0xf4, 0x00, 0x0b,
	0x00, 0x12, 0x40, 0x08, 0x0a, 0x04, 0x04, 0x03, 0x0b, 0x08, 0x0b, 0x03,
	0x2b, 0x10, 0xd0, 0x00, 0x3f, 0xdc, 0x30, 0x31, 0x35, 0x21, 0x15, 0x21,
	0x15, 0x21, 0x11, 0x21, 0x35, 0x21, 0x35, 0x21, 0x01, 0x90, 0xfe, 0x70,
	0x01, 0xf4, 0xfe, 0x70, 0x01, 0x90, 0xfe, 0x0c, 0xc8, 0x64, 0x64, 0x01,
	0x2c, 0x64, 0x64, 0x00, 0x00, 0x01, 0x00, 0x00, 0x00, 0x00, 0x01, 0xf4,
	0x01, 0xf4, 0x00, 0x07, 0x00, 0x0a, 0x40, 0x03, 0x06, 0x02, 0x04, 0x00,
	0x3f, 0xdc, 0x30, 0x31, 0x11, 0x33, 0x11, 0x33, 0x11, 0x33, 0x35, 0x21,
	0xc8, 0x64, 0xc8, 0xfe, 0x0c, 0x01, 0x90, 0xfe, 0x70, 0x01, 0x90, 0x64,
	0x00, 0x01, 0x00, 0x00, 0x00, 0x00, 0x01, 0xf4, 0x01, 0xf4, 0x00, 0x07,
	0x00, 0x12, 0x40, 0x08, 0x06, 0x00, 0x02, 0x00, 0x04, 0x06, 0x07, 0x03,
	0x2b, 0x00, 0x3f, 0xdc, 0x10, 0xdc, 0x30, 0x31, 0x31, 0x21, 0x11, 0x23,
	0x11, 0x21, 0x11, 0x23, 0x01, 0xf4, 0x64, 0xfe, 0xd4, 0x64, 0x01, 0xf4,
	0xfe, 0x70, 0x01, 0x90, 0x00, 0x03, 0x00, 0x00, 0x00, 0x00, 0x01, 0xf4,
	0x01, 0xf4, 0x00, 0x0b, 0x00, 0x0f, 0x00, 0x13, 0x00, 0x16, 0x40, 0x0a,
	0x0e, 0x02, 0x08, 0x02, 0x04, 0x00, 0x07, 0x07, 0x0a, 0x03, 0x2b, 0x10,
	0xd0, 0x00, 0x3f, 0xdc, 0x10, 0xdc, 0x30, 0x31, 0x37, 0x33, 0x15, 0x33,
	0x35, 0x23, 0x35, 0x23, 0x11, 0x23, 0x11, 0x33, 0x21, 0x33, 0x11, 0x23,
	0x03, 0x33, 0x35, 0x23, 0x64, 0x64, 0x64, 0x64, 0x64, 0x64, 0x64, 0x01,
	0x2c, 0x64, 0x64, 0x64, 0x64, 0x64, 0x64, 0x64, 0x64, 0x64, 0x01, 0x2c,
	0xfe, 0xd4, 0x01, 0x2c, 0xfe, 0x70, 0x64, 0x00, 0x00, 0x02, 0x00, 0x00,
	0x00, 0x00, 0x01, 0xf4, 0x01, 0xf4, 0x00, 0x0b, 0x00, 0x13, 0x00, 0x19,
	0x40, 0x0c, 0x10, 0x12, 0x04, 0x12, 0x04, 0x02, 0x04, 0x0f, 0x13, 0x13,
	0x12, 0x03, 0x2b, 0x10, 0xd0, 0x00, 0x3f, 0x3f, 0xdc, 0x10, 0xdc, 0x30,
	0x31, 0x25, 0x33, 0x15, 0x33, 0x11, 0x23, 0x11, 0x23, 0x35, 0x23, 0x15,
	0x33, 0x07, 0x33, 0x35, 0x23, 0x11, 0x23, 0x11, 0x33, 0x01, 0x2c, 0x64,
	0x64, 0x64, 0x64, 0x64, 0x64, 0xc8, 0x64, 0x64, 0x64, 0x64, 0x64, 0x64,
	0x01, 0xf4, 0xfe, 0xd4, 0x64, 0x64, 0x64, 0x64, 0x01, 0x2c, 0xfe, 0x0c,
	0x00, 0x05, 0x00, 0x00, 0x00, 0x00, 0x01, 0xf4, 0x01, 0xf4, 0x00, 0x13,
	0x00, 0x17, 0x00, 0x1b, 0x00, 0x1f, 0x00, 0x23, 0x00, 0x25, 0x40, 0x12,
	0x1e, 0x14, 0x10, 0x14, 0x04, 0x06, 0x04, 0x18, 0x16, 0x11, 0x17, 0x0f,
	0x16, 0x00, 0x16, 0x16, 0x17, 0x03, 0x2b, 0x10, 0xd0, 0x10, 0xd0, 0x10,
	0xd0, 0x10, 0xd0, 0x00, 0x3f, 0x3f, 0xdc, 0x10, 0xdc, 0x30, 0x31, 0x13,
	0x33, 0x15, 0x33, 0x15, 0x33, 0x15, 0x33, 0x35, 0x23, 0x35, 0x23, 0x35,
	0x23, 0x35, 0x23, 0x35, 0x23, 0x15, 0x33, 0x03, 0x33, 0x35, 0x23, 0x3b,
	0x01, 0x35, 0x23, 0x25, 0x33, 0x35, 0x23, 0x07, 0x33, 0x35, 0x23, 0x64,
	0x64, 0x64, 0x64, 0x64, 0x64, 0x64, 0x64, 0x64, 0x64, 0x64, 0x64, 0x64,
	0x64, 0x64, 0x64, 0x64, 0x01, 0x2c, 0x64, 0x64, 0x64, 0x64, 0x64, 0x01,
	0x2c, 0x64, 0x64, 0x64, 0x64, 0x64, 0x64, 0x64, 0x64, 0x64, 0xfe, 0x70,
	0x64, 0x64, 0xc8, 0x64, 0xc8, 0x64, 0x00, 0x01, 0x00, 0x00, 0x00, 0x00,
	0x01, 0xf4, 0x01, 0xf4, 0x00, 0x0b, 0x00, 0x12, 0x40, 0x08, 0x0a, 0x02,
	0x06, 0x02, 0x04, 0x0a, 0x0b, 0x03, 0x2b, 0x00, 0x3f, 0xdc, 0x10, 0xdc,
	0x30, 0x31, 0x35, 0x33, 0x15, 0x33, 0x35, 0x33, 0x11, 0x23, 0x15, 0x21,
	0x35, 0x23, 0xc8, 0x64, 0xc8, 0x64, 0xfe, 0xd4, 0x64, 0xc8, 0xc8, 0xc8,
	0x01, 0x2c, 0xc8, 0xc8, 0x00, 0x03, 0x00, 0x00, 0x00, 0x00, 0x01, 0xf4,
	0x01, 0xf4, 0x00, 0x07, 0x00, 0x0f, 0x00, 0x13, 0x00, 0x12, 0x40, 0x08,
	0x06, 0x08, 0x04, 0x00, 0x0f, 0x0e, 0x0f, 0x03, 0x2b, 0x10, 0xd0, 0x00,
	0x3f, 0xdc, 0x30, 0x31, 0x11, 0x21, 0x15, 0x33, 0x35, 0x33, 0x35, 0x21,
	0x11, 0x21, 0x35, 0x21, 0x35, 0x23, 0x15, 0x23, 0x37, 0x33, 0x35, 0x23,
	0x01, 0x2c, 0x64, 0x64, 0xfe, 0x0c, 0x01, 0xf4, 0xfe, 0xd4, 0x64, 0x64,
	0xc8, 0x64, 0x64, 0x01, 0x90, 0x64, 0x64, 0x64, 0xfe, 0x0c, 0x64, 0x64,
	0x64, 0x64, 0x64, 0x00, 0x00, 0x01, 0x00, 0x00, 0x00, 0x00, 0x00, 0xc8,
	0x01, 0xf4, 0x00, 0x07, 0x00, 0x0e, 0x40, 0x06, 0x06, 0x00, 0x04, 0x04,
	0x07, 0x03, 0x2b, 0x00, 0x3f, 0xdc, 0x30, 0x31, 0x31, 0x33, 0x35, 0x23,
	0x11, 0x33, 0x35, 0x23, 0xc8, 0x64, 0x64, 0xc8, 0x64, 0x01, 0x2c, 0x64,
	0x00, 0x01, 0x00, 0x00, 0x00, 0x00, 0x01, 0xf4, 0x01, 0xf4, 0x00, 0x13,
	0x00, 0x12, 0x40, 0x08, 0x10, 0x06, 0x04, 0x00, 0x0f, 0x0f, 0x12, 0x03,
	0x2b, 0x10, 0xd0, 0x00, 0x3f, 0xdc, 0x30, 0x31, 0x13, 0x33, 0x15, 0x33,
	0x15, 0x33, 0x15, 0x33, 0x35, 0x23, 0x35, 0x23, 0x35, 0x23, 0x35, 0x23,
	0x35, 0x23, 0x15, 0x33, 0x64, 0x64, 0x64, 0x64, 0x64, 0x64, 0x64, 0x64,
	0x64, 0x64, 0x64, 0x01, 0x2c, 0x64, 0x64, 0x64, 0x64, 0x64, 0x64, 0x64,
	0x64, 0x64, 0x00, 0x01, 0x00, 0x00, 0x00, 0x00, 0x00, 0xc8, 0x01, 0xf4,
	0x00, 0x07, 0x00, 0x12, 0x40, 0x08, 0x06, 0x04, 0x04, 0x03, 0x00, 0x01,
	0x00, 0x03, 0x2b, 0x10, 0xd0, 0x00, 0x3f, 0xdc, 0x30, 0x31, 0x11, 0x33,
	0x11, 0x23, 0x15, 0x33, 0x11, 0x23, 0x64, 0x64, 0xc8, 0xc8, 0x01, 0x90,
	0xfe, 0xd4, 0x64, 0x01, 0xf4, 0x00, 0x00, 0x02, 0x00, 0x00, 0x01, 0x2c,
	0x01, 0x2c, 0x01, 0xf4, 0x00, 0x07, 0x00, 0x0b, 0x00, 0x0c, 0x40, 0x05,
	0x09, 0x06, 0x06, 0x0b, 0x03, 0x2b, 0x10, 0xd0, 0x30, 0x31, 0x13, 0x33,
	0x35, 0x23, 0x35, 0x23, 0x15, 0x33, 0x07, 0x33, 0x35, 0x23, 0xc8, 0x64,
	0x64, 0x64, 0x64, 0xc8, 0x64, 0x64, 0x01, 0x2c, 0x64, 0x64, 0x64, 0x64,
	0x64, 0x00, 0x00, 0x01, 0x00, 0x00, 0xff, 0x39, 0x01, 0xf4, 0xff, 0x9d,
	0x00, 0x03, 0x00, 0x16, 0x41, 0x07, 0x00, 0x02, 0x00, 0x03, 0x00, 0x0d,
	0xff, 0xff, 0x00, 0x00, 0x00, 0x0c, 0x00, 0x0a, 0x2b, 0x2b, 0x00, 0x2b,
	0x30, 0x31, 0x15, 0x35, 0x21, 0x15, 0x01, 0xf4, 0xc7, 0x64, 0x64, 0x00,
	0x00, 0x01, 0x00, 0x00, 0x01, 0x2c, 0x00, 0x64, 0x01, 0xf4, 0x00, 0x03,
	0x00, 0x08, 0x40, 0x03, 0x02, 0x03, 0x03, 0x2b, 0x30, 0x31, 0x11, 0x33,
	0x35, 0x23, 0x64, 0x64, 0x01, 0x2c, 0xc8, 0x00, 0x00, 0x02, 0x00, 0x00,
	0x00, 0x00, 0x01, 0xf4, 0x01, 0xf4, 0x00, 0x07, 0x00, 0x0b, 0x00, 0x15,
	0x40, 0x0a, 0x02, 0x04, 0x04, 0x00, 0x04, 0x08, 0x05, 0x05, 0x04, 0x03,
	0x2b, 0x10, 0xd0, 0x00, 0x3f, 0x3f, 0xdc, 0x30, 0x31, 0x21, 0x33, 0x11,
	0x21, 0x11, 0x33, 0x35, 0x21, 0x25, 0x21, 0x15, 0x21, 0x01, 0x90, 0x64,
	0xfe, 0x0c, 0x64, 0x01, 0x2c, 0xfe, 0xd4, 0x01, 0x2c, 0xfe, 0xd4, 0x01,
	0xf4, 0xfe, 0x0c, 0xc8, 0xc8, 0x64, 0x00, 0x03, 0x00, 0x00, 0x00, 0x00,
	0x01, 0xf4, 0x01, 0xf4, 0x00, 0x07, 0x00, 0x0b, 0x00, 0x0f, 0x00, 0x12,
	0x40, 0x08, 0x02, 0x04, 0x04, 0x0d, 0x0a, 0x0a, 0x04, 0x03, 0x2b, 0x10,
	0xd0, 0x00, 0x3f, 0xdc, 0x30, 0x31, 0x01, 0x33, 0x35, 0x21, 0x11, 0x21,
	0x35, 0x23, 0x31, 0x15, 0x21, 0x35, 0x25, 0x21, 0x35, 0x21, 0x01, 0x90,
	0x64, 0xfe, 0x0c, 0x01, 0xf4, 0x64, 0xfe, 0xd4, 0x01, 0x2c, 0xfe, 0xd4,
	0x01, 0x2c, 0x01, 0x2c, 0xc8, 0xfe, 0x0c, 0xc8, 0x64, 0x64, 0x64, 0x64,
	0x00, 0x01, 0x00, 0x00, 0x00, 0x00, 0x01, 0xf4, 0x01, 0xf4, 0x00, 0x07,
	0x00, 0x0e, 0x40, 0x06, 0x06, 0x00, 0x04, 0x04, 0x07, 0x03, 0x2b, 0x00,
	0x3f, 0xdc, 0x30, 0x31, 0x31, 0x21, 0x35, 0x21, 0x11, 0x21, 0x35, 0x21,
	0x01, 0xf4, 0xfe, 0x70, 0x01, 0x90, 0xfe, 0x0c, 0x64, 0x01, 0x2c, 0x64,
	0x00, 0x01, 0x00, 0x00, 0x00, 0x00, 0x01, 0xf4, 0x01, 0xf4, 0x00, 0x0b,
	0x00, 0x0e, 0x40, 0x06, 0x0a, 0x00, 0x04, 0x04, 0x0b, 0x03, 0x2b, 0x00,
	0x3f, 0xdc, 0x30, 0x31, 0x31, 0x21, 0x35, 0x21, 0x11, 0x21, 0x11, 0x33,
	0x11, 0x23, 0x35, 0x21, 0x01, 0x90, 0xfe, 0xd4, 0x01, 0x2c, 0x64, 0x64,
	0xfe, 0x70, 0x64, 0x01, 0x2c, 0xfe, 0xd4, 0x01, 0x2c, 0x64, 0x00, 0x01,
	0x00, 0x00, 0x00, 0x00, 0x01, 0xf4, 0x01, 0xf4, 0x00, 0x0b, 0x00, 0x12,
	0x40, 0x08, 0x0a, 0x00, 0x04, 0x03, 0x08, 0x08, 0x0b, 0x03, 0x2b, 0x10,
	0xd0, 0x00, 0x3f, 0xdc, 0x30, 0x31, 0x31, 0x21, 0x35, 0x21, 0x35, 0x33,
	0x35, 0x23, 0x35, 0x21, 0x35, 0x21, 0x01, 0xf4, 0xfe, 0x70, 0xc8, 0xc8,
	0x01, 0x90, 0xfe, 0x0c, 0x64, 0x64, 0x64, 0x64, 0x64, 0x00, 0x00, 0x01,
	0x00, 0x00, 0x00, 0x00, 0x01, 0xf4, 0x01, 0xf4, 0x00, 0x09, 0x00, 0x12,
	0x40, 0x08, 0x08, 0x00, 0x04, 0x01, 0x06, 0x06, 0x09, 0x03, 0x2b, 0x10,
	0xd0, 0x00, 0x3f, 0xdc, 0x30, 0x31, 0x31, 0x33, 0x35, 0x33, 0x35, 0x23,
	0x35, 0x21, 0x35, 0x21, 0x64, 0xc8, 0xc8, 0x01, 0x90, 0xfe, 0x0c, 0xc8,
	0x64, 0x64, 0x64, 0x00, 0x00, 0x01, 0x00, 0x00, 0x00, 0x00, 0x01, 0xf4,
	0x01, 0xf4, 0x00, 0x0b, 0x00, 0x0e, 0x40, 0x06, 0x0a, 0x00, 0x04, 0x08,
	0x0b, 0x03, 0x2b, 0x00, 0x3f, 0xdc, 0x30, 0x31, 0x31, 0x21, 0x11, 0x21,
	0x15, 0x33, 0x15, 0x21, 0x11, 0x21, 0x35, 0x21, 0x01, 0xf4, 0xfe, 0xd4,
	0xc8, 0xfe, 0xd4, 0x01, 0x90, 0xfe, 0x0c, 0x01, 0x2c, 0x64, 0x64, 0x01,
	0x2c, 0x64, 0x00, 0x01, 0x00, 0x00, 0x00, 0x00, 0x01, 0xf4, 0x01, 0xf4,
	0x00, 0x0b, 0x00, 0x19, 0x40, 0x0c, 0x06, 0x08, 0x02, 0x08, 0x04, 0x00,
	0x04, 0x05, 0x09, 0x09, 0x08, 0x03, 0x2b, 0x10, 0xd0, 0x00, 0x3f, 0x3f,
	0xdc, 0x10, 0xdc, 0x30, 0x31, 0x21, 0x33, 0x11, 0x23, 0x15, 0x21, 0x35,
	0x23, 0x11, 0x33, 0x35, 0x21, 0x01, 0x90, 0x64, 0x64, 0xfe, 0xd4, 0x64,
	0x64, 0x01, 0x2c, 0x01, 0xf4, 0xc8, 0xc8, 0xfe, 0x0c, 0xc8, 0x00, 0x01,
	0x00, 0x00, 0x00, 0x00, 0x00, 0x64, 0x01, 0xf4, 0x00, 0x03, 0x00, 0x0e,
	0x40, 0x06, 0x02, 0x00, 0x04, 0x02, 0x03, 0x03, 0x2b, 0x00, 0x3f, 0xdc,
	0x30, 0x31, 0x31, 0x33, 0x11, 0x23, 0x64, 0x64, 0x01, 0xf4, 0x00, 0x01,
	0x00, 0x00, 0x00, 0x00, 0x01, 0xf4, 0x01, 0xf4, 0x00, 0x07, 0x00, 0x0e,
	0x40, 0x06, 0x02, 0x00, 0x04, 0x06, 0x07, 0x03, 0x2b, 0x00, 0x3f, 0xdc,
	0x30, 0x31, 0x31, 0x21, 0x11, 0x23, 0x11, 0x21, 0x35, 0x23, 0x01, 0xf4,
	0x64, 0xfe, 0xd4, 0x64, 0x01, 0xf4, 0xfe, 0x70, 0x64, 0x00, 0x00, 0x03,
	0x00, 0x00, 0x00, 0x00, 0x01, 0xf4, 0x01, 0xf4, 0x00, 0x0f, 0x00, 0x13,
	0x00, 0x17, 0x00, 0x19, 0x40, 0x0c, 0x16, 0x0c, 0x0a, 0x0c, 0x04, 0x02,
	0x04, 0x09, 0x0d, 0x0d, 0x0c, 0x03, 0x2b, 0x10, 0xd0, 0x00, 0x3f, 0x3f,
	0xdc, 0x10, 0xdc, 0x30, 0x31, 0x25, 0x33, 0x15, 0x33, 0x35, 0x23, 0x35,
	0x23, 0x35, 0x23, 0x35, 0x23, 0x11, 0x33, 0x35, 0x33, 0x37, 0x35, 0x23,
	0x15, 0x37, 0x33, 0x35, 0x23, 0x01, 0x2c, 0x64, 0x64, 0x64, 0x64, 0xc8,
	0x64, 0x64, 0xc8, 0x64, 0x64, 0x64, 0x64, 0x64, 0x64, 0x64, 0x64, 0x64,
	0x64, 0xc8, 0xfe, 0x0c, 0xc8, 0x64, 0x64, 0x64, 0x64, 0x64, 0x00, 0x01,
	0x00, 0x00, 0x00, 0x00, 0x01, 0xf4, 0x01, 0xf4, 0x00, 0x05, 0x00, 0x0e,
	0x40, 0x06, 0x04, 0x00, 0x04, 0x04, 0x05, 0x03, 0x2b, 0x00, 0x3f, 0xdc,
	0x30, 0x31, 0x31, 0x21, 0x35, 0x21, 0x11, 0x23, 0x01, 0xf4, 0xfe, 0x70,
	0x64, 0x64, 0x01, 0x90, 0x00, 0x01, 0x00, 0x00, 0x00, 0x00, 0x01, 0xf4,
	0x01, 0xf4, 0x00, 0x0b, 0x00, 0x14, 0x40, 0x0a, 0x06, 0x08, 0x04, 0x04,
	0x04, 0x00, 0x04, 0x09, 0x08, 0x03, 0x2b, 0x00, 0x3f, 0x3f, 0x3f, 0xdc,
	0x30, 0x31, 0x3b, 0x01, 0x11, 0x33, 0x11, 0x33, 0x11, 0x21, 0x11, 0x33,
	0x11, 0x33, 0xc8, 0x64, 0x64, 0x64, 0xfe, 0x0c, 0x64, 0x64, 0x01, 0x90,
	0xfe, 0x70, 0x01, 0xf4, 0xfe, 0x0c, 0x01, 0x90, 0x00, 0x01, 0x00, 0x00,
	0x00, 0x00, 0x01, 0xf4, 0x01, 0xf4, 0x00, 0x07, 0x00, 0x11, 0x40, 0x08,
	0x02, 0x04, 0x04, 0x00, 0x04, 0x05, 0x04, 0x03, 0x2b, 0x00, 0x3f, 0x3f,
	0xdc, 0x30, 0x31, 0x21, 0x33, 0x11, 0x21, 0x11, 0x33, 0x11, 0x21, 0x01,
	0x90, 0x64, 0xfe, 0x0c, 0x64, 0x01, 0x2c, 0x01, 0xf4, 0xfe, 0x0c, 0x01,
	0x90, 0x00, 0x00, 0x02, 0x00, 0x00, 0x00, 0x00, 0x01, 0xf4, 0x01, 0xf4,
	0x00, 0x03, 0x00, 0x07, 0x00, 0x0e, 0x40, 0x06, 0x02, 0x00, 0x04, 0x04,
	0x03, 0x03, 0x2b, 0x00, 0x3f, 0xdc, 0x30, 0x31, 0x31, 0x21, 0x11, 0x21,
	0x17, 0x21, 0x11, 0x21, 0x01, 0xf4, 0xfe, 0x0c, 0x64, 0x01, 0x2c, 0xfe,
	0xd4, 0x01, 0xf4, 0x64, 0xfe, 0xd4, 0x00, 0x02, 0x00, 0x00, 0x00, 0x00,
	0x01, 0xf4, 0x01, 0xf4, 0x00, 0x05, 0x00, 0x09, 0x00, 0x12, 0x40, 0x08,
	0x04, 0x00, 0x04, 0x01, 0x06, 0x06, 0x05, 0x03, 0x2b, 0x10, 0xd0, 0x00,
	0x3f, 0xdc, 0x30, 0x31, 0x31, 0x33, 0x35, 0x21, 0x11, 0x21, 0x17, 0x21,
	0x15, 0x21, 0x64, 0x01, 0x90, 0xfe, 0x0c, 0x64, 0x01, 0x2c, 0xfe, 0xd4,
	0xc8, 0x01, 0x2c, 0x64, 0x64, 0x00, 0x00, 0x02, 0x00, 0x00, 0xff, 0x9c,
	0x01, 0xf4, 0x01, 0xf4, 0x00, 0x07, 0x00, 0x0f, 0x00, 0x11, 0x40, 0x08,
	0x06, 0x04, 0x04, 0x00, 0x04, 0x0c, 0x07, 0x03, 0x2b, 0x00, 0x3f, 0x3f,
	0xdc, 0x30, 0x31, 0x31, 0x33, 0x15, 0x33, 0x35, 0x33, 0x11, 0x21, 0x01,
	0x23, 0x15, 0x23, 0x11, 0x21, 0x11, 0x23, 0xc8, 0x64, 0xc8, 0xfe, 0x0c,
	0x01, 0x2c, 0x64, 0x64, 0x01, 0x2c, 0x64, 0x64, 0x64, 0x01, 0xf4, 0xfe,
	0xd4, 0x64, 0x01, 0x2c, 0xfe, 0xd4, 0x00, 0x02, 0x00, 0x00, 0x00, 0x00,
	0x01, 0xf4, 0x01, 0xf4, 0x00, 0x0d, 0x00, 0x11, 0x00, 0x15, 0x40, 0x0a,
	0x08, 0x0a, 0x04, 0x02, 0x04, 0x0e, 0x0b, 0x0b, 0x0a, 0x03, 0x2b, 0x10,
	0xd0, 0x00, 0x3f, 0x3f, 0xdc, 0x30, 0x31, 0x25, 0x33, 0x15, 0x33, 0x35,
	0x23, 0x35, 0x33, 0x11, 0x21, 0x11, 0x33, 0x35, 0x33, 0x27, 0x21, 0x15,
	0x21, 0x01, 0x2c, 0x64, 0x64, 0x64, 0x64, 0xfe, 0x0c, 0x64, 0xc8, 0xc8,
	0x01, 0x2c, 0xfe, 0xd4, 0x64, 0x64, 0x64, 0x64, 0x01, 0x2c, 0xfe, 0x0c,
	0xc8, 0xc8, 0x64, 0x00, 0x00, 0x01, 0x00, 0x00, 0x00, 0x00, 0x01, 0xf4,
	0x01, 0xf4, 0x00, 0x0b, 0x00, 0x12, 0x40, 0x08, 0x0a, 0x04, 0x04, 0x03,
	0x0b, 0x08, 0x0b, 0x03, 0x2b, 0x10, 0xd0, 0x00, 0x3f, 0xdc, 0x30, 0x31,
	0x35, 0x21, 0x15, 0x21, 0x15, 0x21, 0x11, 0x21, 0x35, 0x21, 0x35, 0x21,
	0x01, 0x90, 0xfe, 0x70, 0x01, 0xf4, 0xfe, 0x70, 0x01, 0x90, 0xfe, 0x0c,
	0xc8, 0x64, 0x64, 0x01, 0x2c, 0x64, 0x64, 0x00, 0x00, 0x01, 0x00, 0x00,
	0x00, 0x00, 0x01, 0xf4, 0x01, 0xf4, 0x00, 0x07, 0x00, 0x0a, 0x40, 0x03,
	0x06, 0x02, 0x04, 0x00, 0x3f, 0xdc, 0x30, 0x31, 0x11, 0x33, 0x11, 0x33,
	0x11, 0x33, 0x35, 0x21, 0xc8, 0x64, 0xc8, 0xfe, 0x0c, 0x01, 0x90, 0xfe,
	0x70, 0x01, 0x90, 0x64, 0x00, 0x01, 0x00, 0x00, 0x00, 0x00, 0x01, 0xf4,
	0x01, 0xf4, 0x00, 0x07, 0x00, 0x12, 0x40, 0x08, 0x06, 0x00, 0x02, 0x00,
	0x04, 0x06, 0x07, 0x03, 0x2b, 0x00, 0x3f, 0xdc, 0x10, 0xdc, 0x30, 0x31,
	0x31, 0x21, 0x11, 0x23, 0x11, 0x21, 0x11, 0x23, 0x01, 0xf4, 0x64, 0xfe,
	0xd4, 0x64, 0x01, 0xf4, 0xfe, 0x70, 0x01, 0x90, 0x00, 0x03, 0x00, 0x00,
	0x00, 0x00, 0x01, 0xf4, 0x01, 0xf4, 0x00, 0x0b, 0x00, 0x0f, 0x00, 0x13,
	0x00, 0x16, 0x40, 0x0a, 0x0e, 0x02, 0x08, 0x02, 0x04, 0x00, 0x07, 0x07,
	0x0a, 0x03, 0x2b, 0x10, 0xd0, 0x00, 0x3f, 0xdc, 0x10, 0xdc, 0x30, 0x31,
	0x37, 0x33, 0x15, 0x33, 0x35, 0x23, 0x35, 0x23, 0x11, 0x23, 0x11, 0x33,
	0x21, 0x33, 0x11, 0x23, 0x03, 0x33, 0x35, 0x23, 0x64, 0x64, 0x64, 0x64,
	0x64, 0x64, 0x64, 0x01, 0x2c, 0x64, 0x64, 0x64, 0x64, 0x64, 0x64, 0x64,
	0x64, 0x64, 0x01, 0x2c, 0xfe, 0xd4, 0x01, 0x2c, 0xfe, 0x70, 0x64, 0x00,
	0x00, 0x01, 0x00, 0x00, 0x00, 0x00, 0x01, 0xf4, 0x01, 0xf4, 0x00, 0x0b,
	0x00, 0x16, 0x40, 0x0a, 0x0a, 0x00, 0x06, 0x00, 0x02, 0x00, 0x04, 0x0a,
	0x0b, 0x03, 0x2b, 0x00, 0x3f, 0xdc, 0x10, 0xdc, 0x10, 0xdc, 0x30, 0x31,
	0x31, 0x21, 0x11, 0x23, 0x11, 0x23, 0x11, 0x23, 0x11, 0x23, 0x11, 0x23,
	0x01, 0xf4, 0x64, 0x64, 0x64, 0x64, 0x64, 0x01, 0xf4, 0xfe, 0x70, 0x01,
	0x90, 0xfe, 0x70, 0x01, 0x90, 0x00, 0x00, 0x05, 0x00, 0x00, 0x00, 0x00,
	0x01, 0xf4, 0x01, 0xf4, 0x00, 0x13, 0x00, 0x17, 0x00, 0x1b, 0x00, 0x1f,
	0x00, 0x23, 0x00, 0x25, 0x40, 0x12, 0x1e, 0x14, 0x10, 0x14, 0x04, 0x06,
	0x04, 0x18, 0x16, 0x11, 0x17, 0x0f, 0x16, 0x00, 0x16, 0x16, 0x17, 0x03,
	0x2b, 0x10, 0xd0, 0x10, 0xd0, 0x10, 0xd0, 0x10, 0xd0, 0x00, 0x3f, 0x3f,
	0xdc, 0x10, 0xdc, 0x30, 0x31, 0x13, 0x33, 0x15, 0x33, 0x15, 0x33, 0x15,
	0x33, 0x35, 0x23, 0x35, 0x23, 0x35, 0x23, 0x35, 0x23, 0x35, 0x23, 0x15,
	0x33, 0x03, 0x33, 0x35, 0x23, 0x3b, 0x01, 0x35, 0x23, 0x25, 0x33, 0x35,
	0x23, 0x07, 0x33, 0x35, 0x23, 0x64, 0x64, 0x64, 0x64, 0x64, 0x64, 0x64,
	0x64, 0x64, 0x64, 0x64, 0x64, 0x64, 0x64, 0x64, 0x64, 0x64, 0x01, 0x2c,
	0x64, 0x64, 0x64, 0x64, 0x64, 0x01, 0x2c, 0x64, 0x64, 0x64, 0x64, 0x64,
	0x64, 0x64, 0x64, 0x64, 0xfe, 0x70, 0x64, 0x64, 0xc8, 0x64, 0xc8, 0x64,
	0x00, 0x03, 0x00, 0x00, 0x00, 0x00, 0x01, 0xf4, 0x01, 0xf4, 0x00, 0x0b,
	0x00, 0x0f, 0x00, 0x13, 0x00, 0x16, 0x40, 0x0a, 0x0e, 0x02, 0x08, 0x02,
	0x04, 0x00, 0x07, 0x07, 0x0a, 0x03, 0x2b, 0x10, 0xd0, 0x00, 0x3f, 0xdc,
	0x10, 0xdc, 0x30, 0x31, 0x13, 0x33, 0x11, 0x33, 0x11, 0x23, 0x35, 0x23,
	0x35, 0x23, 0x15, 0x33, 0x21, 0x33, 0x35, 0x23, 0x07, 0x33, 0x35, 0x23,
	0x64, 0x64, 0x64, 0x64, 0x64, 0x64, 0x64, 0x01, 0x2c, 0x64, 0x64, 0x64,
	0x64, 0x64, 0x01, 0x2c, 0xfe, 0xd4, 0x01, 0x2c, 0x64, 0x64, 0x64, 0x64,
	0xc8, 0x64, 0x00, 0x03, 0x00, 0x00, 0x00, 0x00, 0x01, 0xf4, 0x01, 0xf4,
	0x00, 0x07, 0x00, 0x0f, 0x00, 0x13, 0x00, 0x12, 0x40, 0x08, 0x06, 0x08,
	0x04, 0x00, 0x0f, 0x0e, 0x0f, 0x03, 0x2b, 0x10, 0xd0, 0x00, 0x3f, 0xdc,
	0x30, 0x31, 0x11, 0x21, 0x15, 0x33, 0x35, 0x33, 0x35, 0x21, 0x11, 0x21,
	0x35, 0x21, 0x35, 0x23, 0x15, 0x23, 0x37, 0x33, 0x35, 0x23, 0x01, 0x2c,
	0x64, 0x64, 0xfe, 0x0c, 0x01, 0xf4, 0xfe, 0xd4, 0x64, 0x64, 0xc8, 0x64,
	0x64, 0x01, 0x90, 0x64, 0x64, 0x64, 0xfe, 0x0c, 0x64, 0x64, 0x64, 0x64,
	0x64, 0x00, 0x00, 0x01, 0x00, 0x00, 0x00, 0x00, 0x01, 0x2c, 0x01, 0xf4,
	0x00, 0x0b, 0x00, 0x12, 0x40, 0x08, 0x08, 0x02, 0x04, 0x01, 0x0a, 0x0a,
	0x0b, 0x03, 0x2b, 0x10, 0xd0, 0x00, 0x3f, 0xdc, 0x30, 0x31, 0x35, 0x33,
	0x15, 0x33, 0x35, 0x23, 0x11, 0x33, 0x35, 0x23, 0x15, 0x23, 0x64, 0xc8,
	0x64, 0x64, 0xc8, 0x64, 0xc8, 0xc8, 0x64, 0x01, 0x2c, 0x64, 0xc8, 0x00,
	0x00, 0x01, 0x00, 0x00, 0xff, 0x38, 0x00, 0x64, 0x02, 0xbc, 0x00, 0x03,
	0x00, 0x08, 0x40, 0x03, 0x02, 0x03, 0x03, 0x2b, 0x30, 0x31, 0x15, 0x33,
	0x11, 0x23, 0x64, 0x64, 0xc8, 0x03, 0x84, 0x00, 0x00, 0x01, 0x00, 0x00,
	0x00, 0x00, 0x01, 0x2c, 0x01, 0xf4, 0x00, 0x0b, 0x00, 0x12, 0x40, 0x08,
	0x0a, 0x04, 0x04, 0x03, 0x00, 0x01, 0x00, 0x03, 0x2b, 0x10, 0xd0, 0x00,
	0x3f, 0xdc, 0x30, 0x31, 0x11, 0x33, 0x11, 0x23, 0x15, 0x33, 0x35, 0x33,
	0x35, 0x23, 0x35, 0x23, 0x64, 0x64, 0xc8, 0x64, 0x64, 0xc8, 0x01, 0x90,
	0xfe, 0xd4, 0x64, 0xc8, 0x64, 0xc8, 0x00, 0x01, 0x00, 0x00, 0x00, 0x64,
	0x01, 0xf4, 0x01, 0x90, 0x00, 0x0b, 0x00, 0x08, 0x40, 0x03, 0x09, 0x08,
	0x03, 0x2b, 0x30, 0x31, 0x37, 0x21, 0x35, 0x23, 0x15, 0x23, 0x35, 0x21,
	0x15, 0x33, 0x35, 0x33, 0xc8, 0x01, 0x2c, 0x64, 0x64, 0xfe, 0xd4, 0x64,
	0x64, 0x64, 0xc8, 0x64, 0xc8, 0xc8, 0x64, 0x00, 0x00, 0x03, 0x00, 0x00,
	0x00, 0x00, 0x01, 0xf4, 0x01, 0xf4, 0x00, 0x03, 0x00, 0x07, 0x00, 0x0b,
	0x00, 0x0e, 0x40, 0x06, 0x02, 0x00, 0x04, 0x04, 0x03, 0x03, 0x2b, 0x00,
	0x3f, 0xdc, 0x30, 0x31, 0x31, 0x21, 0x11, 0x21, 0x17, 0x21, 0x11, 0x21,
	0x37, 0x33, 0x35, 0x23, 0x01, 0xf4, 0xfe, 0x0c, 0x64, 0x01, 0x2c, 0xfe,
	0xd4, 0x64, 0x64, 0x64, 0x01, 0xf4, 0x64, 0xfe, 0xd4, 0x64, 0x64, 0x00,
	0x00, 0x03, 0x00, 0x00, 0x00, 0x00, 0x01, 0xf4, 0x01, 0xf4, 0x00, 0x03,
	0x00, 0x07, 0x00, 0x0b, 0x00, 0x0e, 0x40, 0x06, 0x02, 0x00, 0x04, 0x04,
	0x03, 0x03, 0x2b, 0x00, 0x3f, 0xdc, 0x30, 0x31, 0x31, 0x21, 0x11, 0x21,
	0x17, 0x21, 0x11, 0x21, 0x37, 0x33, 0x35, 0x23, 0x01, 0xf4, 0xfe, 0x0c,
	0x64, 0x01, 0x2c, 0xfe, 0xd4, 0x64, 0x64, 0x64, 0x01, 0xf4, 0x64, 0xfe,
	0xd4, 0x64, 0x64, 0x00, 0x00, 0x03, 0x00, 0x00, 0x00, 0x00, 0x01, 0xf4,
	0x01, 0xf4, 0x00, 0x03, 0x00, 0x07, 0x00, 0x0b, 0x00, 0x0e, 0x40, 0x06,
	0x02, 0x00, 0x04, 0x04, 0x03, 0x03, 0x2b, 0x00, 0x3f, 0xdc, 0x30, 0x31,
	0x31, 0x21, 0x11, 0x21, 0x17, 0x21, 0x11, 0x21, 0x37, 0x33, 0x35, 0x23,
	0x01, 0xf4, 0xfe, 0x0c, 0x64, 0x01, 0x2c, 0xfe, 0xd4, 0x64, 0x64, 0x64,
	0x01, 0xf4, 0x64, 0xfe, 0xd4, 0x64, 0x64, 0x00, 0x00, 0x01, 0x00, 0x00,
	0xff, 0x9c, 0x00, 0x64, 0x00, 0x64, 0x00, 0x03, 0x00, 0x08, 0x40, 0x03,
	0x02, 0x03, 0x03, 0x2b, 0x30, 0x31, 0x15, 0x33, 0x35, 0x23, 0x64, 0x64,
	0x64, 0xc8, 0x00, 0x01, 0x00, 0x00, 0x00, 0x00, 0x01, 0xf4, 0x01, 0xf4,
	0x00, 0x0f, 0x00, 0x16, 0x40, 0x0a, 0x08, 0x00, 0x04, 0x0b, 0x0f, 0x09,
	0x0e, 0x0e, 0x0f, 0x03, 0x2b, 0x10, 0xd0, 0x10, 0xd0, 0x00, 0x3f, 0xdc,
	0x30, 0x31, 0x31, 0x33, 0x35, 0x33, 0x35, 0x23, 0x35, 0x21, 0x35, 0x21,
	0x15, 0x23, 0x15, 0x33, 0x15, 0x23, 0xc8, 0x64, 0x64, 0x01, 0x2c, 0xfe,
	0x70, 0x64, 0x64, 0x64, 0xc8, 0x64, 0x64, 0x64, 0xc8, 0x64, 0x64, 0x00,
	0x00, 0x02, 0x00, 0x00, 0xff, 0x9c, 0x01, 0x2c, 0x00, 0x64, 0x00, 0x03,
	0x00, 0x07, 0x00, 0x08, 0x40, 0x03, 0x02, 0x03, 0x03, 0x2b, 0x30, 0x31,
	0x15, 0x33, 0x35, 0x23, 0x17, 0x33, 0x35, 0x23, 0x64, 0x64, 0xc8, 0x64,
	0x64, 0x64, 0xc8, 0xc8, 0xc8, 0x00, 0x00, 0x03, 0x00, 0x00, 0x00, 0x00,
	0x01, 0xf4, 0x00, 0x64, 0x00, 0x03, 0x00, 0x07, 0x00, 0x0b, 0x00, 0x08,
	0x40, 0x03, 0x02, 0x03, 0x03, 0x2b, 0x30, 0x31, 0x31, 0x33, 0x35, 0x23,
	0x17, 0x33, 0x35, 0x23, 0x17, 0x33, 0x35, 0x23, 0x64, 0x64, 0xc8, 0x64,
	0x64, 0xc8, 0x64, 0x64, 0x64, 0x64, 0x64, 0x64, 0x64, 0x00, 0x00, 0x01,
	0x00, 0x00, 0xff, 0x39, 0x01, 0xf4, 0x02, 0xbc, 0x00, 0x0b, 0x00, 0x3b,
	0x41, 0x14, 0x00, 0x07, 0x00, 0x05, 0x00, 0x00, 0x00, 0x05, 0x00, 0x08,
	0x00, 0x01, 0x00, 0x08, 0x00, 0x0a, 0x00, 0x04, 0x00, 0x04, 0x00, 0x08,
	0x00, 0x02, 0x00, 0x0b, 0x00, 0x08, 0x00, 0x0b, 0x00, 0x0d, 0xff, 0xff,
	0x00, 0x00, 0x00, 0x0c, 0x00, 0x0a, 0x2b, 0x2b, 0x2b, 0x10, 0xd0, 0x10,
	0xd0, 0x00, 0x2f, 0x2f, 0x3f, 0x3f, 0xdc, 0x10, 0xdc, 0x30, 0x31, 0x11,
	0x35, 0x33, 0x35, 0x33, 0x15, 0x33, 0x15, 0x23, 0x11, 0x23, 0x11, 0xc8,
	0x64, 0xc8, 0xc8, 0x64, 0x01, 0x90, 0x64, 0xc8, 0xc8, 0x64, 0xfd, 0xa9,
	0x02, 0x57, 0x00, 0x01, 0x00, 0x00, 0xff, 0x38, 0x01, 0xf4, 0x02, 0xbc,
	0x00, 0x13, 0x00, 0x11, 0x40, 0x07, 0x0e, 0x04, 0x0a, 0x04, 0x04, 0x00,
	0x04, 0x00, 0x3f, 0x3f, 0xdc, 0x10, 0xdc, 0x30, 0x31, 0x31, 0x33, 0x15,
	0x33, 0x35, 0x33, 0x35, 0x23, 0x11, 0x33, 0x35, 0x23, 0x35, 0x23, 0x15,
	0x23, 0x15, 0x33, 0x11, 0x23, 0xc8, 0x64, 0xc8, 0xc8, 0xc8, 0xc8, 0x64,
	0xc8, 0xc8, 0xc8, 0xc8, 0xc8, 0x64, 0x01, 0x2c, 0x64, 0xc8, 0xc8, 0x64,
	0xfe, 0xd4, 0x00, 0x02, 0x00, 0x00, 0x01, 0xf4, 0x01, 0x2c, 0x02, 0xbc,
	0x00, 0x07, 0x00, 0x0b, 0x00, 0x0c, 0x40, 0x05, 0x09, 0x06, 0x06, 0x0b,
	0x03, 0x2b, 0x10, 0xd0, 0x30, 0x31, 0x13, 0x33, 0x35, 0x23, 0x35, 0x23,
	0x15, 0x33, 0x07, 0x33, 0x35, 0x23, 0xc8, 0x64, 0x64, 0x64, 0x64, 0xc8,
	0x64, 0x64, 0x01, 0xf4, 0x64, 0x64, 0x64, 0x64, 0x64, 0x00, 0x00, 0x06,
	0x00, 0x00, 0x00, 0x00, 0x03, 0x20, 0x01, 0xf4, 0x00, 0x0b, 0x00, 0x0f,
	0x00, 0x13, 0x00, 0x17, 0x00, 0x1b, 0x00, 0x1f, 0x00, 0x20, 0x40, 0x10,
	0x1e, 0x14, 0x08, 0x14, 0x04, 0x0c, 0x04, 0x02, 0x04, 0x15, 0x10, 0x09,
	0x17, 0x10, 0x17, 0x03, 0x2b, 0x10, 0xd0, 0x10, 0xd0, 0x00, 0x3f, 0x3f,
	0x3f, 0xdc, 0x10, 0xdc, 0x30, 0x31, 0x37, 0x33, 0x15, 0x33, 0x35, 0x23,
	0x35, 0x23, 0x35, 0x23, 0x15, 0x33, 0x01, 0x33, 0x35, 0x23, 0x05, 0x33,
	0x35, 0x23, 0x07, 0x33, 0x35, 0x23, 0x25, 0x33, 0x35, 0x23, 0x3b, 0x01,
	0x35, 0x23, 0xc8, 0x64, 0xc8, 0xc8, 0x64, 0xc8, 0xc8, 0x01, 0x90, 0xc8,
	0xc8, 0xfe, 0x0c, 0x64, 0x64, 0x64, 0x64, 0x64, 0x01, 0x2c, 0x64, 0x64,
	0x64, 0x64, 0x64, 0xc8, 0xc8, 0xc8, 0x64, 0xc8, 0xc8, 0xfe, 0xd4, 0xc8,
	0x64, 0x64, 0xc8, 0x64, 0xc8, 0x64, 0x64, 0x00, 0x00, 0x02, 0x00, 0x00,
	0x00, 0x00, 0x01, 0xf4, 0x02, 0xbc, 0x00, 0x13, 0x00, 0x17, 0x00, 0x1a,
	0x40, 0x0c, 0x0e, 0x08, 0x02, 0x08, 0x04, 0x07, 0x04, 0x00, 0x0b, 0x0b,
	0x04, 0x03, 0x2b, 0x10, 0xd0, 0x10, 0xd0, 0x00, 0x3f, 0xdc, 0x10, 0xdc,
	0x30, 0x31, 0x13, 0x33, 0x15, 0x23, 0x11, 0x21, 0x15, 0x21, 0x15, 0x21,
	0x11, 0x21, 0x35, 0x21, 0x35, 0x23, 0x35, 0x23, 0x35, 0x23, 0x17, 0x33,
	0x35, 0x23, 0x64, 0x64, 0xc8, 0x01, 0x90, 0xfe, 0x70, 0x01, 0xf4, 0xfe,
	0x70, 0x01, 0x90, 0xc8, 0x64, 0x64, 0xc8, 0x64, 0x64, 0x02, 0x58, 0x64,
	0xfe, 0xd4, 0x64, 0x64, 0x01, 0x2c, 0x64, 0x64, 0x64, 0x64, 0x64, 0x64,
	0x00, 0x02, 0x00, 0x00, 0x00, 0x64, 0x00, 0xc8, 0x01, 0x90, 0x00, 0x07,
	0x00, 0x0b, 0x00, 0x10, 0x40, 0x07, 0x08, 0x03, 0x00, 0x03, 0x03, 0x06,
	0x03, 0x2b, 0x10, 0xd0, 0x10, 0xd0, 0x30, 0x31, 0x37, 0x33, 0x35, 0x23,
	0x35, 0x23, 0x15, 0x33, 0x35, 0x33, 0x35, 0x23, 0x64, 0x64, 0x64, 0x64,
	0x64, 0x64, 0x64, 0x64, 0x64, 0x64, 0x64, 0x64, 0x64, 0x00, 0x00, 0x02,
	0x00, 0x00, 0x00, 0x00, 0x01, 0xf4, 0x01, 0xf4, 0x00, 0x0b, 0x00, 0x0f,
	0x00, 0x0e, 0x40, 0x06, 0x0a, 0x00, 0x04, 0x0c, 0x0b, 0x03, 0x2b, 0x00,
	0x3f, 0xdc, 0x30, 0x31, 0x31, 0x21, 0x35, 0x23, 0x35, 0x33, 0x35, 0x23,
	0x35, 0x33, 0x35, 0x21, 0x17, 0x33, 0x11, 0x23, 0x01, 0xf4, 0xc8, 0xc8,
	0xc8, 0xc8, 0xfe, 0x0c, 0x64, 0x64, 0x64, 0x64, 0x64, 0x64, 0x64, 0x64,
	0x64, 0xfe, 0xd4, 0x00, 0x00, 0x03, 0x00, 0x00, 0x00, 0x00, 0x01, 0xf4,
	0x01, 0xf4, 0x00, 0x03, 0x00, 0x07, 0x00, 0x0b, 0x00, 0x0e, 0x40, 0x06,
	0x02, 0x00, 0x04, 0x04, 0x03, 0x03, 0x2b, 0x00, 0x3f, 0xdc, 0x30, 0x31,
	0x31, 0x21, 0x11, 0x21, 0x17, 0x21, 0x11, 0x21, 0x37, 0x33, 0x35, 0x23,
	0x01, 0xf4, 0xfe, 0x0c, 0x64, 0x01, 0x2c, 0xfe, 0xd4, 0x64, 0x64, 0x64,
	0x01, 0xf4, 0x64, 0xfe, 0xd4, 0x64, 0x64, 0x00, 0x00, 0x03, 0x00, 0x00,
	0x00, 0x00, 0x01, 0xf4, 0x01, 0xf4, 0x00, 0x03, 0x00, 0x07, 0x00, 0x0b,
	0x00, 0x0e, 0x40, 0x06, 0x02, 0x00, 0x04, 0x04, 0x03, 0x03, 0x2b, 0x00,
	0x3f, 0xdc, 0x30, 0x31, 0x31, 0x21, 0x11, 0x21, 0x17, 0x21, 0x11, 0x21,
	0x37, 0x33, 0x35, 0x23, 0x01, 0xf4, 0xfe, 0x0c, 0x64, 0x01, 0x2c, 0xfe,
	0xd4, 0x64, 0x64, 0x64, 0x01, 0xf4, 0x64, 0xfe, 0xd4, 0x64, 0x64, 0x00,
	0x00, 0x03, 0x00, 0x00, 0x00, 0x00, 0x01, 0xf4, 0x01, 0xf4, 0x00, 0x03,
	0x00, 0x07, 0x00, 0x0b, 0x00, 0x0e, 0x40, 0x06, 0x02, 0x00, 0x04, 0x04,
	0x03, 0x03, 0x2b, 0x00, 0x3f, 0xdc, 0x30, 0x31, 0x31, 0x21, 0x11, 0x21,
	0x17, 0x21, 0x11, 0x21, 0x37, 0x33, 0x35, 0x23, 0x01, 0xf4, 0xfe, 0x0c,
	0x64, 0x01, 0x2c, 0xfe, 0xd4, 0x64, 0x64, 0x64, 0x01, 0xf4, 0x64, 0xfe,
	0xd4, 0x64, 0x64, 0x00, 0x00, 0x03, 0x00, 0x00, 0x00, 0x00, 0x01, 0xf4,
	0x01, 0xf4, 0x00, 0x03, 0x00, 0x07, 0x00, 0x0b, 0x00, 0x0e, 0x40, 0x06,
	0x02, 0x00, 0x04, 0x04, 0x03, 0x03, 0x2b, 0x00, 0x3f, 0xdc, 0x30, 0x31,
	0x31, 0x21, 0x11, 0x21, 0x17, 0x21, 0x11, 0x21, 0x37, 0x33, 0x35, 0x23,
	0x01, 0xf4, 0xfe, 0x0c, 0x64, 0x01, 0x2c, 0xfe, 0xd4, 0x64, 0x64, 0x64,
	0x01, 0xf4, 0x64, 0xfe, 0xd4, 0x64, 0x64, 0x00, 0x00, 0x01, 0x00, 0x00,
	0x01, 0xf4, 0x00, 0x64, 0x02, 0xbc, 0x00, 0x03, 0x00, 0x08, 0x40, 0x03,
	0x02, 0x03, 0x03, 0x2b, 0x30, 0x31, 0x11, 0x33, 0x35, 0x23, 0x64, 0x64,
	0x01, 0xf4, 0xc8, 0x00, 0x00, 0x01, 0x00, 0x00, 0x01, 0xf4, 0x00, 0x64,
	0x02, 0xbc, 0x00, 0x03, 0x00, 0x08, 0x40, 0x03, 0x02, 0x03, 0x03, 0x2b,
	0x30, 0x31, 0x11, 0x33, 0x35, 0x23, 0x64, 0x64, 0x01, 0xf4, 0xc8, 0x00,
	0x00, 0x02, 0x00, 0x00, 0x01, 0xf4, 0x01, 0x2c, 0x02, 0xbc, 0x00, 0x03,
	0x00, 0x07, 0x00, 0x08, 0x40, 0x03, 0x02, 0x03, 0x03, 0x2b, 0x30, 0x31,
	0x11, 0x33, 0x35, 0x23, 0x17, 0x33, 0x35, 0x23, 0x64, 0x64, 0xc8, 0x64,
	0x64, 0x01, 0xf4, 0xc8, 0xc8, 0xc8, 0x00, 0x02, 0x00, 0x00, 0x01, 0xf4,
	0x01, 0x2c, 0x02, 0xbc, 0x00, 0x03, 0x00, 0x07, 0x00, 0x08, 0x40, 0x03,
	0x02, 0x03, 0x03, 0x2b, 0x30, 0x31, 0x11, 0x33, 0x35, 0x23, 0x17, 0x33,
	0x35, 0x23, 0x64, 0x64, 0xc8, 0x64, 0x64, 0x01, 0xf4, 0xc8, 0xc8, 0xc8,
	0x00, 0x01, 0x00, 0x00, 0x00, 0x00, 0x01, 0xf4, 0x01, 0xf4, 0x00, 0x13,
	0x00, 0x12, 0x40, 0x08, 0x0e, 0x04, 0x04, 0x01, 0x12, 0x12, 0x13, 0x03,
	0x2b, 0x10, 0xd0, 0x00, 0x3f, 0xdc, 0x30, 0x31, 0x35, 0x33, 0x15, 0x33,
	0x15, 0x33, 0x35, 0x33, 0x35, 0x33, 0x35, 0x23, 0x35, 0x23, 0x35, 0x23,
	0x15, 0x23, 0x15, 0x23, 0x64, 0x64, 0x64, 0x64, 0x64, 0x64, 0x64, 0x64,
	0x64, 0x64, 0xc8, 0x64, 0x64, 0x64, 0x64, 0x64, 0x64, 0x64, 0x64, 0x64,
	0x00, 0x01, 0x00, 0x00, 0x00, 0xc8, 0x00, 0xc8, 0x01, 0x2c, 0x00, 0x03,
	0x00, 0x1d, 0x41, 0x0a, 0x00, 0x02, 0x00, 0x03, 0x00, 0x0d, 0x00, 0x02,
	0x00, 0x01, 0x00, 0x0d, 0xff, 0xff, 0x00, 0x00, 0x00, 0x0c, 0x00, 0x0a,
	0x2b, 0x2b, 0x2b, 0x00, 0x2b, 0x30, 0x31, 0x3d, 0x01, 0x33, 0x15, 0xc8,
	0xc8, 0x64, 0x64, 0x00, 0x00, 0x01, 0x00, 0x00, 0x00, 0xc8, 0x01, 0x90,
	0x01, 0x2c, 0x00, 0x03, 0x00, 0x16, 0x41, 0x07, 0x00, 0x02, 0x00, 0x03,
	0x00, 0x0d, 0xff, 0xff, 0x00, 0x00, 0x00, 0x0c, 0x00, 0x0a, 0x2b, 0x2b,
	0x00, 0x2b, 0x30, 0x31, 0x3d, 0x01, 0x21, 0x15, 0x01, 0x90, 0xc8, 0x64,
	0x64, 0x00, 0x00, 0x01, 0x00, 0x00, 0x01, 0xf4, 0x01, 0xf4, 0x02, 0xbc,
	0x00, 0x0b, 0x00, 0x08, 0x40, 0x03, 0x0b, 0x0a, 0x03, 0x2b, 0x30, 0x31,
	0x13, 0x33, 0x15, 0x21, 0x35, 0x23, 0x15, 0x23, 0x35, 0x21, 0x15, 0x33,
	0x64, 0x64, 0x01, 0x2c, 0x64, 0x64, 0xfe, 0xd4, 0x64, 0x02, 0x58, 0x64,
	0xc8, 0x64, 0x64, 0xc8, 0x00, 0x03, 0x00, 0x00, 0xff, 0x38, 0x01, 0xf4,
	0x02, 0xbc, 0x00, 0x07, 0x00, 0x13, 0x00, 0x1b, 0x00, 0x10, 0x40, 0x07,
	0x0f, 0x13, 0x00, 0x12, 0x13, 0x12, 0x03, 0x2b, 0x10, 0xd0, 0x10, 0xd0,
	0x30, 0x31, 0x11, 0x33, 0x11, 0x33, 0x11, 0x33, 0x35, 0x21, 0x13, 0x33,
	0x15, 0x33, 0x35, 0x23, 0x35, 0x23, 0x35, 0x23, 0x11, 0x33, 0x37, 0x33,
	0x15, 0x33, 0x11, 0x23, 0x15, 0x23, 0xc8, 0x64, 0xc8, 0xfe, 0x0c, 0x64,
	0x64, 0x64, 0x64, 0x64, 0x64, 0x64, 0xc8, 0x64, 0x64, 0x64, 0x64, 0x02,
	0x58, 0xfe, 0xd4, 0x01, 0x2c, 0x64, 0xfd, 0x44, 0x64, 0x64, 0x64, 0x64,
	0xfe, 0x70, 0xc8, 0xc8, 0x01, 0x90, 0x64, 0x00, 0x00, 0x02, 0x00, 0x00,
	0x00, 0x00, 0x01, 0xf4, 0x02, 0xbc, 0x00, 0x13, 0x00, 0x17, 0x00, 0x1a,
	0x40, 0x0c, 0x0e, 0x08, 0x02, 0x08, 0x04, 0x07, 0x04, 0x00, 0x0b, 0x0b,
	0x04, 0x03, 0x2b, 0x10, 0xd0, 0x10, 0xd0, 0x00, 0x3f, 0xdc, 0x10, 0xdc,
	0x30, 0x31, 0x13, 0x33, 0x15, 0x23, 0x11, 0x21, 0x15, 0x21, 0x15, 0x21,
	0x11, 0x21, 0x35, 0x21, 0x35, 0x23, 0x35, 0x23, 0x35, 0x23, 0x17, 0x33,
	0x35, 0x23, 0x64, 0x64, 0xc8, 0x01, 0x90, 0xfe, 0x70, 0x01, 0xf4, 0xfe,
	0x70, 0x01, 0x90, 0xc8, 0x64, 0x64, 0xc8, 0x64, 0x64, 0x02, 0x58, 0x64,
	0xfe, 0xd4, 0x64, 0x64, 0x01, 0x2c, 0x64, 0x64, 0x64, 0x64, 0x64, 0x64,
	0x00, 0x02, 0x00, 0x00, 0x00, 0x64, 0x00, 0xc8, 0x01, 0x90, 0x00, 0x07,
	0x00, 0x0b, 0x00, 0x14, 0x40, 0x09, 0x09, 0x00, 0x05, 0x0b, 0x03, 0x00,
	0x00, 0x0b, 0x03, 0x2b, 0x10, 0xd0, 0x10, 0xd0, 0x10, 0xd0, 0x30, 0x31,
	0x37, 0x33, 0x35, 0x23, 0x35, 0x23, 0x15, 0x33, 0x07, 0x33, 0x35, 0x23,
	0x64, 0x64, 0x64, 0x64, 0x64, 0x64, 0x64, 0x64, 0xc8, 0x64, 0x64, 0x64,
	0xc8, 0x64, 0x00, 0x02, 0x00, 0x00, 0x00, 0x00, 0x01, 0xf4, 0x01, 0xf4,
	0x00, 0x0b, 0x00, 0x0f, 0x00, 0x0e, 0x40, 0x06, 0x0a, 0x00, 0x04, 0x0c,
	0x0b, 0x03, 0x2b, 0x00, 0x3f, 0xdc, 0x30, 0x31, 0x31, 0x21, 0x35, 0x23,
	0x35, 0x33, 0x35, 0x23, 0x35, 0x33, 0x35, 0x21, 0x17, 0x33, 0x11, 0x23,
	0x01, 0xf4, 0xc8, 0xc8, 0xc8, 0xc8, 0xfe, 0x0c, 0x64, 0x64, 0x64, 0x64,
	0x64, 0x64, 0x64, 0x64, 0x64, 0xfe, 0xd4, 0x00, 0x00, 0x03, 0x00, 0x00,
	0x00, 0x00, 0x01, 0xf4, 0x01, 0xf4, 0x00, 0x03, 0x00, 0x07, 0x00, 0x0b,
	0x00, 0x0e, 0x40, 0x06, 0x02, 0x00, 0x04, 0x04, 0x03, 0x03, 0x2b, 0x00,
	0x3f, 0xdc, 0x30, 0x31, 0x31, 0x21, 0x11, 0x21, 0x17, 0x21, 0x11, 0x21,
	0x37, 0x33, 0x35, 0x23, 0x01, 0xf4, 0xfe, 0x0c, 0x64, 0x01, 0x2c, 0xfe,
	0xd4, 0x64, 0x64, 0x64, 0x01, 0xf4, 0x64, 0xfe, 0xd4, 0x64, 0x64, 0x00,
	0x00, 0x03, 0x00, 0x00, 0x00, 0x00, 0x01, 0xf4, 0x01, 0xf4, 0x00, 0x03,
	0x00, 0x07, 0x00, 0x0b, 0x00, 0x0e, 0x40, 0x06, 0x02, 0x00, 0x04, 0x04,
	0x03, 0x03, 0x2b, 0x00, 0x3f, 0xdc, 0x30, 0x31, 0x31, 0x21, 0x11, 0x21,
	0x17, 0x21, 0x11, 0x21, 0x37, 0x33, 0x35, 0x23, 0x01, 0xf4, 0xfe, 0x0c,
	0x64, 0x01, 0x2c, 0xfe, 0xd4, 0x64, 0x64, 0x64, 0x01, 0xf4, 0x64, 0xfe,
	0xd4, 0x64, 0x64, 0x00, 0x00, 0x01, 0x00, 0x00, 0x00, 0x00, 0x01, 0xf4,
	0x02, 0xbc, 0x00, 0x0f, 0x00, 0x12, 0x40, 0x08, 0x04, 0x0a, 0x00, 0x0a,
	0x04, 0x03, 0x08, 0x03, 0x2b, 0x00, 0x3f, 0xdc, 0x10, 0xdc, 0x30, 0x31,
	0x01, 0x33, 0x15, 0x21, 0x35, 0x33, 0x35, 0x23, 0x11, 0x33, 0x15, 0x33,
	0x35, 0x33, 0x11, 0x23, 0x01, 0x2c, 0x64, 0xfe, 0xd4, 0x64, 0xc8, 0xc8,
	0x64, 0xc8, 0xc8, 0x01, 0xf4, 0xc8, 0xc8, 0xc8, 0xfe, 0x0c, 0xc8, 0xc8,
	0x01, 0xf4, 0x00, 0x02, 0x00, 0x00, 0x00, 0x00, 0x00, 0x64, 0x01, 0xf4,
	0x00, 0x03, 0x00, 0x07, 0x00, 0x16, 0x40, 0x0a, 0x06, 0x00, 0x04, 0x01,
	0x06, 0x00, 0x07, 0x06, 0x07, 0x03, 0x2b, 0x10, 0xd0, 0x10, 0xd0, 0x00,
	0x3f, 0xdc, 0x30, 0x31, 0x31, 0x33, 0x11, 0x23, 0x35, 0x33, 0x35, 0x23,
	0x64, 0x64, 0x64, 0x64, 0x01, 0x2c, 0x64, 0x64, 0x00, 0x01, 0x00, 0x00,
	0xff, 0x9c, 0x01, 0xf4, 0x02, 0x58, 0x00, 0x0f, 0x00, 0x15, 0x40, 0x0a,
	0x0e, 0x04, 0x0a, 0x04, 0x04, 0x00, 0x04, 0x08, 0x0f, 0x03, 0x2b, 0x00,
	0x3f, 0x3f, 0xdc, 0x10, 0xdc, 0x30, 0x31, 0x31, 0x33, 0x15, 0x33, 0x35,
	0x33, 0x35, 0x21, 0x11, 0x21, 0x35, 0x23, 0x35, 0x23, 0x15, 0x23, 0xc8,
	0x64, 0xc8, 0xfe, 0x70, 0x01, 0x90, 0xc8, 0x64, 0xc8, 0x64, 0x64, 0x64,
	0x01, 0x2c, 0x64, 0x64, 0x64, 0x00, 0x00, 0x01, 0x00, 0x00, 0x00, 0x00,
	0x01, 0xf4, 0x01, 0xf4, 0x00, 0x17, 0x00, 0x1a, 0x40, 0x0c, 0x16, 0x08,
	0x04, 0x07, 0x00, 0x05, 0x01, 0x03, 0x00, 0x01, 0x00, 0x03, 0x2b, 0x10,
	0xd0, 0x10, 0xd0, 0x10, 0xd0, 0x00, 0x3f, 0xdc, 0x30, 0x31, 0x11, 0x33,
	0x15, 0x23, 0x15, 0x33, 0x15, 0x23, 0x15, 0x21, 0x35, 0x21, 0x35, 0x33,
	0x35, 0x23, 0x35, 0x33, 0x15, 0x33, 0x35, 0x23, 0x35, 0x21, 0x64, 0x64,
	0x64, 0x64, 0x01, 0xf4, 0xfe, 0xd4, 0x64, 0x64, 0xc8, 0x64, 0x64, 0xfe,
	0x70, 0x01, 0x90, 0x64, 0x64, 0x64, 0x64, 0x64, 0x64, 0x64, 0x64, 0x64,
	0x64, 0x64, 0x00, 0x05, 0x00, 0x00, 0x00, 0x00, 0x01, 0xf4, 0x01, 0xf4,
	0x00, 0x07, 0x00, 0x0b, 0x00, 0x0f, 0x00, 0x13, 0x00, 0x17, 0x00, 0x21,
	0x40, 0x10, 0x15, 0x0c, 0x0a, 0x0c, 0x04, 0x03, 0x04, 0x15, 0x00, 0x0d,
	0x00, 0x0c, 0x17, 0x00, 0x17, 0x03, 0x2b, 0x10, 0xd0, 0x10, 0xd0, 0x10,
	0xd0, 0x00, 0x3f, 0x3f, 0xdc, 0x10, 0xdc, 0x30, 0x31, 0x13, 0x11, 0x21,
	0x15, 0x33, 0x35, 0x23, 0x11, 0x31, 0x33, 0x35, 0x23, 0x01, 0x33, 0x35,
	0x23, 0x25, 0x23, 0x35, 0x33, 0x27, 0x35, 0x23, 0x15, 0x64, 0x01, 0x2c,
	0x64, 0x64, 0x64, 0x64, 0xfe, 0x70, 0x64, 0x64, 0x01, 0x2c, 0x64, 0x64,
	0xc8, 0x64, 0x01, 0x90, 0xfe, 0xd4, 0x64, 0x64, 0x01, 0x2c, 0x64, 0xfe,
	0x0c, 0x64, 0x64, 0x64, 0x64, 0x64, 0x64, 0x00, 0x00, 0x01, 0x00, 0x00,
	0x00, 0x00, 0x01, 0xf4, 0x01, 0xf4, 0x00, 0x13, 0x00, 0x1a, 0x40, 0x0c,
	0x12, 0x06, 0x0e, 0x06, 0x04, 0x05, 0x12, 0x01, 0x12, 0x12, 0x13, 0x03,
	0x2b, 0x10, 0xd0, 0x10, 0xd0, 0x00, 0x3f, 0xdc, 0x10, 0xdc, 0x30, 0x31,
	0x11, 0x33, 0x15, 0x33, 0x15, 0x23, 0x15, 0x21, 0x35, 0x23, 0x35, 0x33,
	0x35, 0x33, 0x35, 0x23, 0x15, 0x21, 0x35, 0x23, 0x64, 0x64, 0x64, 0x01,
	0x2c, 0x64, 0x64, 0x64, 0x64, 0xfe, 0xd4, 0x64, 0x01, 0x2c, 0x64, 0x64,
	0x64, 0x64, 0x64, 0x64, 0xc8, 0x64, 0x64, 0x00, 0x00, 0x02, 0x00, 0x00,
	0xff, 0x38, 0x00, 0x64, 0x02, 0xbc, 0x00, 0x03, 0x00, 0x07, 0x00, 0x10,
	0x40, 0x07, 0x01, 0x06, 0x00, 0x07, 0x06, 0x07, 0x03, 0x2b, 0x10, 0xd0,
	0x10, 0xd0, 0x30, 0x31, 0x11, 0x33, 0x11, 0x23, 0x11, 0x33, 0x11, 0x23,
	0x64, 0x64, 0x64, 0x64, 0x01, 0x2c, 0x01, 0x90, 0xfc, 0x7c, 0x01, 0x90,
	0x00, 0x02, 0x00, 0x00, 0xff, 0x9c, 0x01, 0xf4, 0x02, 0x58, 0x00, 0x0b,
	0x00, 0x0f, 0x00, 0x16, 0x40, 0x0a, 0x08, 0x02, 0x04, 0x0e, 0x08, 0x03,
	0x0b, 0x08, 0x0b, 0x03, 0x2b, 0x10, 0xd0, 0x10, 0xd0, 0x00, 0x3f, 0xdc,
	0x30, 0x31, 0x35, 0x21, 0x15, 0x21, 0x15, 0x21, 0x11, 0x21, 0x35, 0x21,
	0x35, 0x21, 0x01, 0x15, 0x21, 0x35, 0x01, 0x90, 0xfe, 0x70, 0x01, 0xf4,
	0xfe, 0x70, 0x01, 0x90, 0xfe, 0x0c, 0x01, 0x90, 0xfe, 0xd4, 0x64, 0x64,
	0x64, 0x01, 0xf4, 0x64, 0x64, 0xfe, 0xd4, 0x64, 0x64, 0x00, 0x00, 0x02,
	0x00, 0x00, 0x01, 0xf4, 0x01, 0xf4, 0x02, 0xbc, 0x00, 0x03, 0x00, 0x07,
	0x00, 0x36, 0x41, 0x13, 0x00, 0x01, 0x00, 0x01, 0x00, 0x06, 0x00, 0x00,
	0x00, 0x00, 0x00, 0x07, 0x00, 0x06, 0x00, 0x07, 0x00, 0x0d, 0x00, 0x06,
	0x00, 0x05, 0x00, 0x0d, 0x00, 0x02, 0x00, 0x01, 0x00, 0x0d, 0xff, 0xff,
	0x00, 0x00, 0x00, 0x0c, 0x00, 0x0a, 0x2b, 0x2b, 0x2b, 0x2b, 0x00, 0x2b,
	0x10, 0xd0, 0x2f, 0x10, 0xd0, 0x2f, 0x30, 0x31, 0x11, 0x35, 0x33, 0x15,
	0x33, 0x35, 0x33, 0x15, 0xc8, 0x64, 0xc8, 0x01, 0xf4, 0xc8, 0xc8, 0xc8,
	0xc8, 0x00, 0x00, 0x02, 0x00, 0x00, 0xff, 0x9c, 0x01, 0xf4, 0x02, 0x58,
	0x00, 0x13, 0x00, 0x17, 0x00, 0x28, 0x40, 0x14, 0x10, 0x12, 0x0c, 0x12,
	0x08, 0x12, 0x04, 0x06, 0x04, 0x02, 0x04, 0x0f, 0x03, 0x0b, 0x03, 0x00,
	0x03, 0x03, 0x12, 0x03, 0x2b, 0x10, 0xd0, 0x10, 0xd0, 0x10, 0xd0, 0x00,
	0x3f, 0x3f, 0x3f, 0xdc, 0x10, 0xdc, 0x10, 0xdc, 0x30, 0x31, 0x17, 0x21,
	0x35, 0x21, 0x35, 0x21, 0x15, 0x33, 0x11, 0x23, 0x35, 0x21, 0x15, 0x21,
	0x15, 0x21, 0x35, 0x23, 0x11, 0x33, 0x01, 0x15, 0x23, 0x35, 0x64, 0x01,
	0x2c, 0xfe, 0xd4, 0x01, 0x2c, 0x64, 0x64, 0xfe, 0xd4, 0x01, 0x2c, 0xfe,
	0xd4, 0x64, 0x64, 0x01, 0x2c, 0xc8, 0x64, 0x64, 0x64, 0x64, 0x01, 0xf4,
	0x64, 0x64, 0x64, 0x64, 0xfe, 0x0c, 0x01, 0x2c, 0x64, 0x64, 0x00, 0x01,
	0x00, 0x00, 0x01, 0x2c, 0x00, 0xc8, 0x02, 0xbc, 0x00, 0x07, 0x00, 0x0c,
	0x40, 0x05, 0x03, 0x00, 0x01, 0x00, 0x03, 0x2b, 0x10, 0xd0, 0x30, 0x31,
	0x11, 0x33, 0x15, 0x23, 0x15, 0x33, 0x11, 0x23, 0x64, 0x64, 0xc8, 0xc8,
	0x02, 0x58, 0x64, 0xc8, 0x01, 0x90, 0x00, 0x04, 0x00, 0x00, 0x00, 0x64,
	0x01, 0xf4, 0x01, 0x90, 0x00, 0x07, 0x00, 0x0f, 0x00, 0x13, 0x00, 0x17,
	0x00, 0x10, 0x40, 0x07, 0x14, 0x03, 0x00, 0x03, 0x03, 0x06, 0x03, 0x2b,
	0x10, 0xd0, 0x10, 0xd0, 0x30, 0x31, 0x37, 0x33, 0x35, 0x23, 0x35, 0x23,
	0x15, 0x33, 0x05, 0x33, 0x35, 0x23, 0x35, 0x23, 0x15, 0x33, 0x35, 0x33,
	0x35, 0x23, 0x05, 0x33, 0x35, 0x23, 0x64, 0x64, 0x64, 0x64, 0x64, 0x01,
	0x2c, 0x64, 0x64, 0x64, 0x64, 0x64, 0x64, 0xfe, 0xd4, 0x64, 0x64, 0x64,
	0x64, 0x64, 0x64, 0x64, 0x64, 0x64, 0x64, 0x64, 0x64, 0x64, 0x64, 0x00,
	0x00, 0x01, 0x00, 0x00, 0x00, 0xc8, 0x01, 0xf4, 0x01, 0x90, 0x00, 0x05,
	0x00, 0x23, 0x41, 0x0c, 0x00, 0x05, 0x00, 0x02, 0x00, 0x02, 0x00, 0x03,
	0x00, 0x0d, 0x00, 0x02, 0x00, 0x05, 0x00, 0x0d, 0xff, 0xff, 0x00, 0x00,
	0x00, 0x0c, 0x00, 0x0a, 0x2b, 0x2b, 0x2b, 0x00, 0x2b, 0x10, 0xdc, 0x30,
	0x31, 0x11, 0x35, 0x21, 0x15, 0x23, 0x35, 0x01, 0xf4, 0x64, 0x01, 0x2c,
	0x64, 0xc8, 0x64, 0x00, 0x00, 0x01, 0x00, 0x00, 0x00, 0xc8, 0x01, 0xf4,
	0x01, 0x2c, 0x00, 0x03, 0x00, 0x16, 0x41, 0x07, 0x00, 0x02, 0x00, 0x03,
	0x00, 0x0d, 0xff, 0xff, 0x00, 0x00, 0x00, 0x0c, 0x00, 0x0a, 0x2b, 0x2b,
	0x00, 0x2b, 0x30, 0x31, 0x3d, 0x01, 0x21, 0x15, 0x01, 0xf4, 0xc8, 0x64,
	0x64, 0x00, 0x00, 0x03, 0x00, 0x00, 0xff, 0x9c, 0x01, 0xf4, 0x02, 0x58,
	0x00, 0x13, 0x00, 0x17, 0x00, 0x1b, 0x00, 0x28, 0x40, 0x14, 0x14, 0x0e,
	0x10, 0x0e, 0x00, 0x0e, 0x04, 0x06, 0x04, 0x02, 0x04, 0x14, 0x03, 0x07,
	0x03, 0x00, 0x03, 0x03, 0x02, 0x03, 0x2b, 0x10, 0xd0, 0x10, 0xd0, 0x10,
	0xd0, 0x00, 0x3f, 0x3f, 0x3f, 0xdc, 0x10, 0xdc, 0x10, 0xdc, 0x30, 0x31,
	0x13, 0x23, 0x11, 0x33, 0x15, 0x21, 0x35, 0x21, 0x35, 0x33, 0x35, 0x33,
	0x15, 0x33, 0x15, 0x33, 0x11, 0x23, 0x35, 0x21, 0x15, 0x21, 0x15, 0x21,
	0x05, 0x15, 0x23, 0x35, 0x64, 0x64, 0x64, 0x01, 0x2c, 0xfe, 0xd4, 0x64,
	0x64, 0x64, 0x64, 0x64, 0xfe, 0xd4, 0x01, 0x2c, 0xfe, 0xd4, 0x01, 0x2c,
	0x64, 0x01, 0xf4, 0xfe, 0x0c, 0x64, 0x64, 0x64, 0x64, 0x64, 0x64, 0x01,
	0xf4, 0x64, 0x64, 0x64, 0x64, 0x64, 0x64, 0x00, 0x00, 0x01, 0x00, 0x00,
	0x02, 0x58, 0x01, 0xf4, 0x02, 0xbc, 0x00, 0x03, 0x00, 0x16, 0x41, 0x07,
	0x00, 0x02, 0x00, 0x03, 0x00, 0x0d, 0xff, 0xff, 0x00, 0x00, 0x00, 0x0c,
	0x00, 0x0a, 0x2b, 0x2b, 0x00, 0x2b, 0x30, 0x31, 0x11, 0x35, 0x21, 0x15,
	0x01, 0xf4, 0x02, 0x58, 0x64, 0x64, 0x00, 0x02, 0x00, 0x00, 0x01, 0x90,
	0x01, 0x2c, 0x02, 0xbc, 0x00, 0x03, 0x00, 0x07, 0x00, 0x08, 0x40, 0x03,
	0x04, 0x03, 0x03, 0x2b, 0x30, 0x31, 0x11, 0x21, 0x11, 0x21, 0x17, 0x33,
	0x15, 0x23, 0x01, 0x2c, 0xfe, 0xd4, 0x64, 0x64, 0x64, 0x01, 0x90, 0x01,
	0x2c, 0x64, 0x64, 0x00, 0x00, 0x02, 0x00, 0x00, 0x00, 0x00, 0x01, 0xf4,
	0x01, 0xf4, 0x00, 0x0b, 0x00, 0x0f, 0x00, 0x0a, 0x40, 0x03, 0x08, 0x0c,
	0x04, 0x00, 0x3f, 0xdc, 0x30, 0x31, 0x11, 0x33, 0x15, 0x33, 0x35, 0x33,
	0x35, 0x23, 0x35, 0x23, 0x15, 0x23, 0x11, 0x21, 0x35, 0x21, 0xc8, 0x64,
	0xc8, 0xc8, 0x64, 0xc8, 0x01, 0xf4, 0xfe, 0x0c, 0x01, 0x2c, 0x64, 0x64,
	0x64, 0x64, 0x64, 0xfe, 0x70, 0x64, 0x00, 0x02, 0x00, 0x00, 0x01, 0x2c,
	0x01, 0x2c, 0x02, 0xbc, 0x00, 0x05, 0x00, 0x0b, 0x00, 0x58, 0x41, 0x1f,
	0x00, 0x0b, 0x00, 0x08, 0x00, 0x02, 0x00, 0x04, 0x00, 0x0d, 0x00, 0x04,
	0x00, 0x09, 0x00, 0x00, 0x00, 0x00, 0x00, 0x09, 0x00, 0x08, 0x00, 0x09,
	0x00, 0x0d, 0x00, 0x09, 0x00, 0x08, 0x00, 0x00, 0x00, 0x08, 0x00, 0x03,
	0x00, 0x08, 0x00, 0x0b, 0x00, 0x01, 0x00, 0x0b, 0x00, 0x00, 0x00, 0x06,
	0x00, 0x0b, 0x00, 0x06, 0x00, 0x0d, 0xff, 0xff, 0x00, 0x00, 0x00, 0x0c,
	0x00, 0x0a, 0x2b, 0x2b, 0x2b, 0x10, 0xd0, 0x10, 0xd0, 0x10, 0xdc, 0xd0,
	0x00, 0x3f, 0x3f, 0x2b, 0x10, 0xd0, 0x2f, 0x10, 0xdc, 0x2b, 0x10, 0xdc,
	0x30, 0x31, 0x11, 0x33, 0x15, 0x33, 0x15, 0x21, 0x11, 0x35, 0x21, 0x15,
	0x23, 0x35, 0xc8, 0x64, 0xfe, 0xd4, 0x01, 0x2c, 0x64, 0x01, 0xf4, 0x64,
	0x64, 0x01, 0x2c, 0x64, 0xc8, 0x64, 0x00, 0x01, 0x00, 0x00, 0x01, 0x2c,
	0x01, 0x2c, 0x02, 0xbc, 0x00, 0x09, 0x00, 0x0c, 0x40, 0x05, 0x05, 0x00,
	0x01, 0x00, 0x03, 0x2b, 0x10, 0xd0, 0x30, 0x31, 0x11, 0x33, 0x15, 0x33,
	0x15, 0x23, 0x15, 0x21, 0x11, 0x21, 0x64, 0x64, 0xc8, 0x01, 0x2c, 0xfe,
	0xd4, 0x02, 0x58, 0x64, 0x64, 0x64, 0x01, 0x90, 0x00, 0x02, 0x00, 0x00,
	0x01, 0xf4, 0x00, 0xc8, 0x02, 0xbc, 0x00, 0x03, 0x00, 0x07, 0x00, 0x0c,
	0x40, 0x05, 0x04, 0x02, 0x02, 0x03, 0x03, 0x2b, 0x10, 0xd0, 0x30, 0x31,
	0x11, 0x33, 0x35, 0x23, 0x3b, 0x01, 0x35, 0x23, 0x64, 0x64, 0x64, 0x64,
	0x64, 0x01, 0xf4, 0x64, 0x64, 0x00, 0x00, 0x02, 0x00, 0x00, 0xff, 0x38,
	0x01, 0xf4, 0x01, 0xf4, 0x00, 0x07, 0x00, 0x0b, 0x00, 0x1d, 0x40, 0x0e,
	0x06, 0x0a, 0x02, 0x0a, 0x04, 0x00, 0x04, 0x05, 0x0a, 0x00, 0x0b, 0x0a,
	0x0b, 0x03, 0x2b, 0x10, 0xd0, 0x10, 0xd0, 0x00, 0x3f, 0x3f, 0xdc, 0x10,
	0xdc, 0x30, 0x31, 0x31, 0x21, 0x11, 0x23, 0x11, 0x21, 0x11, 0x23, 0x11,
	0x33, 0x35, 0x23, 0x01, 0xf4, 0x64, 0xfe, 0xd4, 0x64, 0x64, 0x64, 0x01,
	0xf4, 0xfe, 0x70, 0x01, 0x90, 0xfd, 0x44, 0xc8, 0x00, 0x01, 0x00, 0x00,
	0x00, 0x00, 0x01, 0xf4, 0x01, 0xf4, 0x00, 0x09, 0x00, 0x0d, 0x40, 0x05,
	0x08, 0x06, 0x04, 0x02, 0x04, 0x00, 0x3f, 0x3f, 0xdc, 0x30, 0x31, 0x35,
	0x33, 0x15, 0x33, 0x11, 0x33, 0x11, 0x33, 0x11, 0x21, 0xc8, 0x64, 0x64,
	0x64, 0xfe, 0x0c, 0xc8, 0xc8, 0x01, 0x90, 0xfe, 0x70, 0x01, 0xf4, 0x00,
	0x00, 0x01, 0x00, 0x00, 0x00, 0x64, 0x01, 0x2c, 0x01, 0x90, 0x00, 0x03,
	0x00, 0x15, 0x41, 0x06, 0x00, 0x02, 0x00, 0x03, 0xff, 0xff, 0x00, 0x00,
	0x00, 0x0c, 0x00, 0x0a, 0x2b, 0x2b, 0x00, 0x2f, 0x2f, 0x30, 0x31, 0x35,
	0x11, 0x21, 0x11, 0x01, 0x2c, 0x64, 0x01, 0x2c, 0xfe, 0xd4, 0x00, 0x01,
	0x00, 0x00, 0xff, 0x38, 0x00, 0xc8, 0x00, 0x00, 0x00, 0x05, 0x00, 0x08,
	0x40, 0x03, 0x04, 0x05, 0x03, 0x2b, 0x30, 0x31, 0x15, 0x33, 0x35, 0x23,
	0x15, 0x23, 0xc8, 0x64, 0x64, 0xc8, 0xc8, 0x64, 0x00, 0x01, 0x00, 0x00,
	0x01, 0x2c, 0x00, 0xc8, 0x02, 0xbc, 0x00, 0x07, 0x00, 0x0c, 0x40, 0x05,
	0x03, 0x07, 0x07, 0x06, 0x03, 0x2b, 0x10, 0xd0, 0x30, 0x31, 0x13, 0x33,
	0x11, 0x23, 0x15, 0x23, 0x15, 0x33, 0x64, 0x64, 0x64, 0x64, 0x64, 0x01,
	0x2c, 0x01, 0x90, 0x64, 0x64, 0x00, 0x00, 0x02, 0x00, 0x00, 0x01, 0x2c,
	0x01, 0x2c, 0x02, 0xbc, 0x00, 0x03, 0x00, 0x07, 0x00, 0x08, 0x40, 0x03,
	0x04, 0x03, 0x03, 0x2b, 0x30, 0x31, 0x11, 0x21, 0x11, 0x21, 0x17, 0x33,
	0x15, 0x23, 0x01, 0x2c, 0xfe, 0xd4, 0x64, 0x64, 0x64, 0x01, 0x2c, 0x01,
	0x90, 0x64, 0xc8, 0x00, 0x00, 0x04, 0x00, 0x00, 0x00, 0x64, 0x01, 0xf4,
	0x01, 0x90, 0x00, 0x07, 0x00, 0x0f, 0x00, 0x13, 0x00, 0x17, 0x00, 0x14,
	0x40, 0x09, 0x15, 0x00, 0x05, 0x17, 0x03, 0x00, 0x00, 0x17, 0x03, 0x2b,
	0x10, 0xd0, 0x10, 0xd0, 0x10, 0xd0, 0x30, 0x31, 0x37, 0x33, 0x35, 0x23,
	0x35, 0x23, 0x15, 0x33, 0x05, 0x33, 0x35, 0x23, 0x35, 0x23, 0x15, 0x33,
	0x07, 0x33, 0x35, 0x23, 0x05, 0x33, 0x35, 0x23, 0x64, 0x64, 0x64, 0x64,
	0x64, 0x01, 0x2c, 0x64, 0x64, 0x64, 0x64, 0x64, 0x64, 0x64, 0xfe, 0xd4,
	0x64, 0x64, 0xc8, 0x64, 0x64, 0x64, 0x64, 0x64, 0x64, 0x64, 0xc8, 0x64,
	0x64, 0x64, 0x00, 0x03, 0x00, 0x00, 0xff, 0x9c, 0x01, 0xf4, 0x02, 0x58,
	0x00, 0x15, 0x00, 0x19, 0x00, 0x1d, 0x00, 0x1d, 0x40, 0x0e, 0x18, 0x1a,
	0x04, 0x0e, 0x04, 0x1b, 0x0c, 0x09, 0x1d, 0x07, 0x0c, 0x0c, 0x1d, 0x03,
	0x2b, 0x10, 0xd0, 0x10, 0xd0, 0x10, 0xd0, 0x00, 0x3f, 0x3f, 0xdc, 0x30,
	0x31, 0x01, 0x33, 0x15, 0x23, 0x35, 0x23, 0x15, 0x23, 0x11, 0x23, 0x11,
	0x33, 0x15, 0x33, 0x15, 0x33, 0x15, 0x33, 0x11, 0x23, 0x35, 0x23, 0x3b,
	0x01, 0x35, 0x23, 0x01, 0x33, 0x35, 0x23, 0x01, 0x2c, 0x64, 0x64, 0x64,
	0x64, 0x64, 0x64, 0x64, 0xc8, 0x64, 0x64, 0x64, 0x64, 0x64, 0x64, 0xfe,
	0x70, 0x64, 0x64, 0x01, 0x2c, 0xc8, 0xc8, 0x64, 0x01, 0x90, 0xfe, 0x70,
	0x64, 0x64, 0x64, 0x01, 0x90, 0x64, 0x64, 0xfe, 0x0c, 0x64, 0x00, 0x04,
	0x00, 0x00, 0xff, 0x9c, 0x01, 0xf4, 0x02, 0x58, 0x00, 0x0d, 0x00, 0x17,
	0x00, 0x1b, 0x00, 0x1f, 0x00, 0x1d, 0x40, 0x0e, 0x1e, 0x18, 0x04, 0x02,
	0x04, 0x19, 0x0c, 0x09, 0x1b, 0x07, 0x0c, 0x0c, 0x1b, 0x03, 0x2b, 0x10,
	0xd0, 0x10, 0xd0, 0x10, 0xd0, 0x00, 0x3f, 0x3f, 0xdc, 0x30, 0x31, 0x17,
	0x21, 0x35, 0x23, 0x35, 0x23, 0x35, 0x23, 0x11, 0x23, 0x11, 0x33, 0x15,
	0x33, 0x35, 0x33, 0x15, 0x33, 0x35, 0x23, 0x35, 0x23, 0x15, 0x23, 0x03,
	0x33, 0x35, 0x23, 0x01, 0x33, 0x35, 0x23, 0xc8, 0x01, 0x2c, 0x64, 0xc8,
	0x64, 0x64, 0x64, 0x64, 0xc8, 0x64, 0x64, 0x64, 0x64, 0xc8, 0x64, 0x64,
	0x01, 0x90, 0x64, 0x64, 0x64, 0x64, 0x64, 0x64, 0x01, 0x90, 0xfe, 0x70,
	0x64, 0x64, 0x64, 0xc8, 0x64, 0x64, 0xfe, 0xd4, 0x64, 0x01, 0x2c, 0x64,
	0x00, 0x04, 0x00, 0x00, 0xff, 0x9c, 0x01, 0xf4, 0x02, 0x58, 0x00, 0x13,
	0x00, 0x17, 0x00, 0x1b, 0x00, 0x1f, 0x00, 0x25, 0x40, 0x12, 0x1e, 0x18,
	0x00, 0x18, 0x04, 0x0a, 0x04, 0x19, 0x08, 0x05, 0x1b, 0x01, 0x08, 0x00,
	0x1b, 0x08, 0x1b, 0x03, 0x2b, 0x10, 0xd0, 0x10, 0xd0, 0x10, 0xd0, 0x10,
	0xd0, 0x00, 0x3f, 0x3f, 0xdc, 0x10, 0xdc, 0x30, 0x31, 0x11, 0x33, 0x15,
	0x33, 0x15, 0x23, 0x15, 0x33, 0x15, 0x33, 0x15, 0x33, 0x15, 0x33, 0x11,
	0x23, 0x35, 0x23, 0x35, 0x21, 0x01, 0x33, 0x15, 0x23, 0x05, 0x33, 0x35,
	0x23, 0x01, 0x33, 0x35, 0x23, 0x64, 0x64, 0xc8, 0x64, 0x64, 0xc8, 0x64,
	0x64, 0x64, 0xfe, 0xd4, 0x01, 0x2c, 0x64, 0x64, 0xfe, 0xd4, 0x64, 0x64,
	0x01, 0x90, 0x64, 0x64, 0x01, 0xf4, 0x64, 0x64, 0x64, 0x64, 0x64, 0x64,
	0x01, 0x90, 0x64, 0xc8, 0xfe, 0xd4, 0xc8, 0x64, 0x64, 0x01, 0x2c, 0x64,
	0x00, 0x02, 0x00, 0x00, 0x00, 0x00, 0x01, 0xf4, 0x01, 0xf4, 0x00, 0x07,
	0x00, 0x0b, 0x00, 0x0e, 0x40, 0x06, 0x0a, 0x00, 0x04, 0x04, 0x07, 0x03,
	0x2b, 0x00, 0x3f, 0xdc, 0x30, 0x31, 0x31, 0x21, 0x35, 0x21, 0x35, 0x33,
	0x35, 0x21, 0x37, 0x33, 0x35, 0x23, 0x01, 0xf4, 0xfe, 0x70, 0xc8, 0xfe,
	0xd4, 0xc8, 0x64, 0x64, 0x64, 0x64, 0x64, 0x64, 0x64, 0x00, 0x00, 0x02,
	0x00, 0x00, 0x00, 0x00, 0x01, 0xf4, 0x02, 0xbc, 0x00, 0x0f, 0x00, 0x13,
	0x00, 0x1d, 0x40, 0x0e, 0x0a, 0x08, 0x02, 0x08, 0x04, 0x04, 0x04, 0x10,
	0x05, 0x00, 0x05, 0x05, 0x04, 0x03, 0x2b, 0x10, 0xd0, 0x10, 0xd0, 0x00,
	0x3f, 0x3f, 0xdc, 0x10, 0xdc, 0x30, 0x31, 0x13, 0x33, 0x15, 0x23, 0x11,
	0x33, 0x35, 0x21, 0x15, 0x33, 0x11, 0x23, 0x35, 0x23, 0x35, 0x23, 0x11,
	0x21, 0x15, 0x21, 0x64, 0x64, 0xc8, 0x64, 0x01, 0x2c, 0x64, 0xc8, 0x64,
	0x64, 0x01, 0x2c, 0xfe, 0xd4, 0x02, 0x58, 0x64, 0xfe, 0x0c, 0xc8, 0xc8,
	0x01, 0xf4, 0x64, 0x64, 0xfe, 0xd4, 0x64, 0x00, 0x00, 0x03, 0x00, 0x00,
	0x00, 0x00, 0x01, 0xf4, 0x02, 0xbc, 0x00, 0x0b, 0x00, 0x0f, 0x00, 0x13,
	0x00, 0x19, 0x40, 0x0c, 0x08, 0x06, 0x00, 0x06, 0x04, 0x02, 0x04, 0x0c,
	0x03, 0x03, 0x02, 0x03, 0x2b, 0x10, 0xd0, 0x00, 0x3f, 0x3f, 0xdc, 0x10,
	0xdc, 0x30, 0x31, 0x13, 0x23, 0x11, 0x33, 0x35, 0x21, 0x15, 0x33, 0x11,
	0x23, 0x35, 0x23, 0x07, 0x21, 0x15, 0x21, 0x13, 0x33, 0x35, 0x23, 0xc8,
	0xc8, 0x64, 0x01, 0x2c, 0x64, 0xc8, 0x64, 0x64, 0x01, 0x2c, 0xfe, 0xd4,
	0xc8, 0x64, 0x64, 0x01, 0xf4, 0xfe, 0x0c, 0xc8, 0xc8, 0x01, 0xf4, 0x64,
	0xc8, 0x64, 0x01, 0x2c, 0x64, 0x00, 0x00, 0x03, 0x00, 0x00, 0x00, 0x00,
	0x01, 0xf4, 0x02, 0xbc, 0x00, 0x0f, 0x00, 0x13, 0x00, 0x17, 0x00, 0x21,
	0x40, 0x10, 0x16, 0x08, 0x0a, 0x08, 0x02, 0x08, 0x04, 0x04, 0x04, 0x10,
	0x05, 0x01, 0x05, 0x05, 0x04, 0x03, 0x2b, 0x10, 0xd0, 0x10, 0xd0, 0x00,
	0x3f, 0x3f, 0xdc, 0x10, 0xdc, 0x10, 0xdc, 0x30, 0x31, 0x13, 0x23, 0x15,
	0x23, 0x11, 0x33, 0x35, 0x21, 0x15, 0x33, 0x11, 0x23, 0x35, 0x23, 0x35,
	0x23, 0x03, 0x21, 0x15, 0x21, 0x13, 0x33, 0x15, 0x23, 0xc8, 0x64, 0x64,
	0x64, 0x01, 0x2c, 0x64, 0x64, 0x64, 0x64, 0x64, 0x01, 0x2c, 0xfe, 0xd4,
	0x64, 0x64, 0x64, 0x02, 0x58, 0x64, 0xfe, 0x0c, 0xc8, 0xc8, 0x01, 0xf4,
	0x64, 0x64, 0xfe, 0xd4, 0x64, 0x01, 0x2c, 0x64, 0x00, 0x03, 0x00, 0x00,
	0x00, 0x00, 0x01, 0xf4, 0x02, 0xbc, 0x00, 0x0b, 0x00, 0x0f, 0x00, 0x13,
	0x00, 0x19, 0x40, 0x0c, 0x12, 0x08, 0x04, 0x00, 0x04, 0x10, 0x09, 0x0c,
	0x09, 0x09, 0x08, 0x03, 0x2b, 0x10, 0xd0, 0x10, 0xd0, 0x00, 0x3f, 0x3f,
	0xdc, 0x30, 0x31, 0x21, 0x33, 0x11, 0x23, 0x15, 0x23, 0x35, 0x21, 0x11,
	0x33, 0x35, 0x21, 0x25, 0x21, 0x15, 0x21, 0x11, 0x33, 0x15, 0x23, 0x01,
	0x90, 0x64, 0x64, 0x64, 0xfe, 0xd4, 0x64, 0x01, 0x2c, 0xfe, 0xd4, 0x01,
	0x2c, 0xfe, 0xd4, 0x64, 0x64, 0x02, 0xbc, 0x64, 0x64, 0xfd, 0x44, 0xc8,
	0xc8, 0x64, 0x01, 0x2c, 0x64, 0x00, 0x00, 0x02, 0x00, 0x00, 0x00, 0x00,
	0x01, 0xf4, 0x02, 0xbc, 0x00, 0x0b, 0x00, 0x0f, 0x00, 0x15, 0x40, 0x0a,
	0x04, 0x08, 0x04, 0x00, 0x04, 0x0c, 0x09, 0x09, 0x08, 0x03, 0x2b, 0x10,
	0xd0, 0x00, 0x3f, 0x3f, 0xdc, 0x30, 0x31, 0x21, 0x33, 0x11, 0x23, 0x15,
	0x23, 0x35, 0x23, 0x11, 0x33, 0x35, 0x21, 0x25, 0x21, 0x15, 0x21, 0x01,
	0x90, 0x64, 0xc8, 0x64, 0xc8, 0x64, 0x01, 0x2c, 0xfe, 0xd4, 0x01, 0x2c,
	0xfe, 0xd4, 0x02, 0xbc, 0xc8, 0xc8, 0xfd, 0x44, 0xc8, 0xc8, 0x64, 0x00,
	0x00, 0x03, 0x00, 0x00, 0x00, 0x00, 0x01, 0xf4, 0x02, 0xbc, 0x00, 0x0b,
	0x00, 0x0f, 0x00, 0x13, 0x00, 0x21, 0x40, 0x10, 0x10, 0x06, 0x08, 0x06,
	0x00, 0x06, 0x04, 0x02, 0x04, 0x0c, 0x03, 0x00, 0x03, 0x03, 0x02, 0x03,
	0x2b, 0x10, 0xd0, 0x10, 0xd0, 0x00, 0x3f, 0x3f, 0xdc, 0x10, 0xdc, 0x10,
	0xdc, 0x30, 0x31, 0x13, 0x23, 0x11, 0x33, 0x35, 0x21, 0x15, 0x33, 0x11,
	0x23, 0x35, 0x21, 0x11, 0x21, 0x15, 0x21, 0x37, 0x23, 0x35, 0x33, 0x64,
	0x64, 0x64, 0x01, 0x2c, 0x64, 0x64, 0xfe, 0xd4, 0x01, 0x2c, 0xfe, 0xd4,
	0xc8, 0x64, 0x64, 0x01, 0xf4, 0xfe, 0x0c, 0xc8, 0xc8, 0x01, 0xf4, 0xc8,
	0xfe, 0xd4, 0x64, 0xc8, 0x64, 0x00, 0x00, 0x02, 0x00, 0x00, 0x00, 0x00,
	0x01, 0xf4, 0x01, 0xf4, 0x00, 0x0f, 0x00, 0x13, 0x00, 0x15, 0x40, 0x0a,
	0x0a, 0x0c, 0x04, 0x00, 0x04, 0x10, 0x0d, 0x0d, 0x0c, 0x03, 0x2b, 0x10,
	0xd0, 0x00, 0x3f, 0x3f, 0xdc, 0x30, 0x31, 0x33, 0x21, 0x35, 0x23, 0x35,
	0x33, 0x35, 0x23, 0x35, 0x33, 0x35, 0x21, 0x11, 0x33, 0x35, 0x33, 0x27,
	0x33, 0x15, 0x23, 0xc8, 0x01, 0x2c, 0xc8, 0xc8, 0xc8, 0xc8, 0xfe, 0x0c,
	0x64, 0x64, 0x64, 0x64, 0x64, 0x64, 0x64, 0x64, 0x64, 0x64, 0xfe, 0x0c,
	0xc8, 0xc8, 0x64, 0x00, 0x00, 0x01, 0x00, 0x00, 0xff, 0x38, 0x01, 0xf4,
	0x01, 0xf4, 0x00, 0x0d, 0x00, 0x15, 0x40, 0x0a, 0x0c, 0x06, 0x04, 0x00,
	0x04, 0x03, 0x0a, 0x0a, 0x0d, 0x03, 0x2b, 0x10, 0xd0, 0x00, 0x3f, 0x3f,
	0xdc, 0x30, 0x31, 0x31, 0x33, 0x15, 0x23, 0x15, 0x33, 0x35, 0x33, 0x35,
	0x21, 0x11, 0x21, 0x35, 0x21, 0xc8, 0x64, 0xc8, 0xc8, 0xfe, 0x70, 0x01,
	0x90, 0xfe, 0x0c, 0x64, 0x64, 0xc8, 0x64, 0x01, 0x2c, 0x64, 0x00, 0x01,
	0x00, 0x00, 0x00, 0x00, 0x01, 0xf4, 0x02, 0xbc, 0x00, 0x13, 0x00, 0x1a,
	0x40, 0x0c, 0x0e, 0x04, 0x02, 0x04, 0x04, 0x0b, 0x07, 0x00, 0x07, 0x07,
	0x04, 0x03, 0x2b, 0x10, 0xd0, 0x10, 0xd0, 0x00, 0x3f, 0xdc, 0x10, 0xdc,
	0x30, 0x31, 0x13, 0x33, 0x15, 0x23, 0x11, 0x21, 0x35, 0x21, 0x35, 0x33,
	0x35, 0x23, 0x35, 0x21, 0x35, 0x23, 0x35, 0x23, 0x35, 0x23, 0x64, 0x64,
	0xc8, 0x01, 0xf4, 0xfe, 0x70, 0xc8, 0xc8, 0x01, 0x90, 0xc8, 0x64, 0x64,
	0x02, 0x58, 0x64, 0xfe, 0x0c, 0x64, 0x64, 0x64, 0x64, 0x64, 0x64, 0x64,
	0x00, 0x02, 0x00, 0x00, 0x00, 0x00, 0x01, 0xf4, 0x02, 0xbc, 0x00, 0x0f,
	0x00, 0x13, 0x00, 0x16, 0x40, 0x0a, 0x0e, 0x00, 0x0a, 0x00, 0x04, 0x03,
	0x08, 0x08, 0x0f, 0x03, 0x2b, 0x10, 0xd0, 0x00, 0x3f, 0xdc, 0x10, 0xdc,
	0x30, 0x31, 0x31, 0x21, 0x35, 0x21, 0x35, 0x33, 0x35, 0x23, 0x35, 0x21,
	0x35, 0x23, 0x35, 0x23, 0x15, 0x23, 0x25, 0x33, 0x35, 0x23, 0x01, 0xf4,
	0xfe, 0x70, 0xc8, 0xc8, 0x01, 0x90, 0xc8, 0x64, 0xc8, 0x01, 0x2c, 0x64,
	0x64, 0x64, 0x64, 0x64, 0x64, 0x64, 0x64, 0x64, 0x64, 0x64, 0x00, 0x02,
	0x00, 0x00, 0x00, 0x00, 0x01, 0xf4, 0x02, 0xbc, 0x00, 0x13, 0x00, 0x17,
	0x00, 0x1e, 0x40, 0x0e, 0x16, 0x04, 0x0e, 0x04, 0x02, 0x04, 0x04, 0x0b,
	0x07, 0x01, 0x07, 0x07, 0x04, 0x03, 0x2b, 0x10, 0xd0, 0x10, 0xd0, 0x00,
	0x3f, 0xdc, 0x10, 0xdc, 0x10, 0xdc, 0x30, 0x31, 0x13, 0x23, 0x15, 0x23,
	0x11, 0x21, 0x35, 0x21, 0x35, 0x33, 0x35, 0x23, 0x35, 0x21, 0x35, 0x23,
	0x35, 0x23, 0x35, 0x23, 0x15, 0x33, 0x15, 0x23, 0xc8, 0x64, 0x64, 0x01,
	0xf4, 0xfe, 0x70, 0xc8, 0xc8, 0x01, 0x90, 0x64, 0x64, 0x64, 0x64, 0x64,
	0x02, 0x58, 0x64, 0xfe, 0x0c, 0x64, 0x64, 0x64, 0x64, 0x64, 0x64, 0x64,
	0x64, 0x64, 0x00, 0x01, 0x00, 0x00, 0x00, 0x00, 0x01, 0xf4, 0x02, 0xbc,
	0x00, 0x0f, 0x00, 0x12, 0x40, 0x08, 0x00, 0x04, 0x04, 0x0b, 0x07, 0x07,
	0x04, 0x03, 0x2b, 0x10, 0xd0, 0x00, 0x3f, 0xdc, 0x30, 0x31, 0x01, 0x23,
	0x35, 0x23, 0x11, 0x21, 0x35, 0x21, 0x35, 0x33, 0x35, 0x23, 0x35, 0x21,
	0x11, 0x23, 0x01, 0x2c, 0x64, 0xc8, 0x01, 0xf4, 0xfe, 0x70, 0xc8, 0xc8,
	0x01, 0x90, 0xc8, 0x01, 0xf4, 0xc8, 0xfd, 0x44, 0x64, 0x64, 0x64, 0x64,
	0x01, 0x2c, 0x00, 0x01, 0x00, 0x00, 0x00, 0x00, 0x01, 0xf4, 0x02, 0xbc,
	0x00, 0x13, 0x00, 0x16, 0x40, 0x0a, 0x0e, 0x08, 0x02, 0x08, 0x04, 0x07,
	0x03, 0x00, 0x03, 0x03, 0x2b, 0x10, 0xd0, 0x00, 0x3f, 0xdc, 0x10, 0xdc,
	0x30, 0x31, 0x13, 0x33, 0x15, 0x23, 0x15, 0x33, 0x11, 0x23, 0x15, 0x21,
	0x35, 0x23, 0x11, 0x33, 0x35, 0x23, 0x35, 0x23, 0x35, 0x23, 0x64, 0x64,
	0xc8, 0xc8, 0xc8, 0x01, 0xf4, 0xc8, 0xc8, 0xc8, 0x64, 0x64, 0x02, 0x58,
	0x64, 0x64, 0xfe, 0xd4, 0x64, 0x64, 0x01, 0x2c, 0x64, 0x64, 0x64, 0x00,
	0x00, 0x02, 0x00, 0x00, 0x00, 0x00, 0x01, 0xf4, 0x02, 0xbc, 0x00, 0x0f,
	0x00, 0x13, 0x00, 0x0e, 0x40, 0x05, 0x0e, 0x04, 0x0a, 0x04, 0x04, 0x00,
	0x3f, 0xdc, 0x10, 0xdc, 0x30, 0x31, 0x11, 0x33, 0x11, 0x23, 0x15, 0x21,
	0x35, 0x23, 0x11, 0x33, 0x35, 0x23, 0x35, 0x23, 0x15, 0x23, 0x25, 0x33,
	0x35, 0x23, 0xc8, 0xc8, 0x01, 0xf4, 0xc8, 0xc8, 0xc8, 0x64, 0xc8, 0x01,
	0x2c, 0x64, 0x64, 0x01, 0x90, 0xfe, 0xd4, 0x64, 0x64, 0x01, 0x2c, 0x64,
	0x64, 0x64, 0x64, 0x64, 0x00, 0x02, 0x00, 0x00, 0x00, 0x00, 0x01, 0xf4,
	0x02, 0xbc, 0x00, 0x13, 0x00, 0x17, 0x00, 0x1a, 0x40, 0x0c, 0x16, 0x08,
	0x0e, 0x08, 0x02, 0x08, 0x04, 0x07, 0x03, 0x02, 0x03, 0x03, 0x2b, 0x10,
	0xd0, 0x00, 0x3f, 0xdc, 0x10, 0xdc, 0x10, 0xdc, 0x30, 0x31, 0x13, 0x23,
	0x15, 0x23, 0x15, 0x33, 0x11, 0x23, 0x15, 0x21, 0x35, 0x23, 0x11, 0x33,
	0x35, 0x23, 0x35, 0x23, 0x35, 0x23, 0x15, 0x33, 0x15, 0x23, 0xc8, 0x64,
	0x64, 0xc8, 0xc8, 0x01, 0xf4, 0xc8, 0xc8, 0x64, 0x64, 0x64, 0x64, 0x64,
	0x02, 0x58, 0x64, 0x64, 0xfe, 0xd4, 0x64, 0x64, 0x01, 0x2c, 0x64, 0x64,
	0x64, 0x64, 0x64, 0x00, 0x00, 0x01, 0x00, 0x00, 0x00, 0x00, 0x01, 0xf4,
	0x02, 0xbc, 0x00, 0x0f, 0x00, 0x0a, 0x40, 0x03, 0x0d, 0x05, 0x04, 0x00,
	0x3f, 0xdc, 0x30, 0x31, 0x19, 0x01, 0x33, 0x11, 0x23, 0x15, 0x21, 0x35,
	0x23, 0x11, 0x33, 0x11, 0x23, 0x15, 0x23, 0x35, 0xc8, 0xc8, 0x01, 0xf4,
	0xc8, 0xc8, 0xc8, 0x64, 0x02, 0xbc, 0xfe, 0xd4, 0xfe, 0xd4, 0x64, 0x64,
	0x01, 0x2c, 0x01, 0x2c, 0xc8, 0xc8, 0x00, 0x01, 0x00, 0x00, 0x00, 0x00,
	0x01, 0xf4, 0x01, 0xf4, 0x00, 0x0f, 0x00, 0x12, 0x40, 0x08, 0x0a, 0x0c,
	0x04, 0x03, 0x0f, 0x0f, 0x0c, 0x03, 0x2b, 0x10, 0xd0, 0x00, 0x3f, 0xdc,
	0x30, 0x31, 0x37, 0x33, 0x35, 0x23, 0x35, 0x21, 0x11, 0x33, 0x11, 0x23,
	0x35, 0x21, 0x11, 0x21, 0x35, 0x21, 0x64, 0x64, 0x64, 0x01, 0x2c, 0x64,
	0x64, 0xfe, 0x70, 0x01, 0x90, 0xfe, 0xd4, 0xc8, 0x64, 0x64, 0xfe, 0xd4,
	0x01, 0x2c, 0x64, 0xfe, 0x0c, 0x64, 0x00, 0x02, 0x00, 0x00, 0x00, 0x00,
	0x01, 0xf4, 0x02, 0xbc, 0x00, 0x0f, 0x00, 0x19, 0x00, 0x15, 0x40, 0x0a,
	0x12, 0x0e, 0x04, 0x06, 0x04, 0x10, 0x0f, 0x0f, 0x0e, 0x03, 0x2b, 0x10,
	0xd0, 0x00, 0x3f, 0x3f, 0xdc, 0x30, 0x31, 0x13, 0x33, 0x15, 0x33, 0x15,
	0x33, 0x15, 0x33, 0x11, 0x23, 0x15, 0x23, 0x35, 0x21, 0x11, 0x33, 0x11,
	0x33, 0x15, 0x33, 0x11, 0x23, 0x35, 0x23, 0x35, 0x23, 0x64, 0x64, 0x64,
	0x64, 0x64, 0x64, 0x64, 0xfe, 0xd4, 0x64, 0x64, 0xc8, 0x64, 0x64, 0x64,
	0x01, 0x2c, 0x64, 0x64, 0x64, 0x02, 0xbc, 0x64, 0x64, 0xfd, 0x44, 0x02,
	0x58, 0x64, 0xfe, 0xd4, 0x64, 0x64, 0x00, 0x02, 0x00, 0x00, 0x00, 0x00,
	0x01, 0xf4, 0x02, 0xbc, 0x00, 0x0b, 0x00, 0x0f, 0x00, 0x16, 0x40, 0x0a,
	0x06, 0x04, 0x02, 0x04, 0x04, 0x00, 0x0f, 0x0f, 0x04, 0x03, 0x2b, 0x10,
	0xd0, 0x00, 0x3f, 0xdc, 0x10, 0xdc, 0x30, 0x31, 0x13, 0x33, 0x15, 0x23,
	0x11, 0x21, 0x11, 0x23, 0x35, 0x23, 0x35, 0x23, 0x11, 0x21, 0x11, 0x21,
	0x64, 0x64, 0xc8, 0x01, 0xf4, 0xc8, 0x64, 0x64, 0x01, 0x2c, 0xfe, 0xd4,
	0x02, 0x58, 0x64, 0xfe, 0x0c, 0x01, 0xf4, 0x64, 0x64, 0xfe, 0xd4, 0xfe,
	0xd4, 0x00, 0x00, 0x03, 0x00, 0x00, 0x00, 0x00, 0x01, 0xf4, 0x02, 0xbc,
	0x00, 0x07, 0x00, 0x0b, 0x00, 0x0f, 0x00, 0x12, 0x40, 0x08, 0x06, 0x00,
	0x02, 0x00, 0x04, 0x08, 0x07, 0x03, 0x2b, 0x00, 0x3f, 0xdc, 0x10, 0xdc,
	0x30, 0x31, 0x31, 0x21, 0x11, 0x23, 0x35, 0x23, 0x15, 0x23, 0x17, 0x21,
	0x11, 0x21, 0x13, 0x33, 0x35, 0x23, 0x01, 0xf4, 0xc8, 0x64, 0xc8, 0x64,
	0x01, 0x2c, 0xfe, 0xd4, 0xc8, 0x64, 0x64, 0x01, 0xf4, 0x64, 0x64, 0x64,
	0xfe, 0xd4, 0x01, 0xf4, 0x64, 0x00, 0x00, 0x03, 0x00, 0x00, 0x00, 0x00,
	0x01, 0xf4, 0x02, 0xbc, 0x00, 0x0b, 0x00, 0x0f, 0x00, 0x13, 0x00, 0x1a,
	0x40, 0x0c, 0x12, 0x04, 0x06, 0x04, 0x02, 0x04, 0x04, 0x01, 0x0f, 0x0f,
	0x04, 0x03, 0x2b, 0x10, 0xd0, 0x00, 0x3f, 0xdc, 0x10, 0xdc, 0x10, 0xdc,
	0x30, 0x31, 0x13, 0x23, 0x15, 0x23, 0x11, 0x21, 0x11, 0x23, 0x35, 0x23,
	0x35, 0x23, 0x03, 0x21, 0x11, 0x21, 0x13, 0x33, 0x15, 0x23, 0xc8, 0x64,
	0x64, 0x01, 0xf4, 0x64, 0x64, 0x64, 0x64, 0x01, 0x2c, 0xfe, 0xd4, 0x64,
	0x64, 0x64, 0x02, 0x58, 0x64, 0xfe, 0x0c, 0x01, 0xf4, 0x64, 0x64, 0xfe,
	0xd4, 0xfe, 0xd4, 0x01, 0xf4, 0x64, 0x00, 0x03, 0x00, 0x00, 0x00, 0x00,
	0x01, 0xf4, 0x02, 0xbc, 0x00, 0x07, 0x00, 0x0b, 0x00, 0x0f, 0x00, 0x12,
	0x40, 0x08, 0x0e, 0x01, 0x04, 0x0c, 0x0b, 0x0b, 0x01, 0x03, 0x2b, 0x10,
	0xd0, 0x00, 0x3f, 0xdc, 0x30, 0x31, 0x19, 0x01, 0x21, 0x11, 0x23, 0x15,
	0x23, 0x35, 0x03, 0x21, 0x11, 0x21, 0x11, 0x33, 0x15, 0x23, 0x01, 0xf4,
	0x64, 0x64, 0xc8, 0x01, 0x2c, 0xfe, 0xd4, 0x64, 0x64, 0x02, 0xbc, 0xfd,
	0x44, 0x02, 0xbc, 0x64, 0x64, 0xfe, 0xd4, 0xfe, 0xd4, 0x01, 0xf4, 0x64,
	0x00, 0x02, 0x00, 0x00, 0x00, 0x00, 0x01, 0xf4, 0x02, 0xbc, 0x00, 0x07,
	0x00, 0x0b, 0x00, 0x0e, 0x40, 0x06, 0x05, 0x01, 0x04, 0x0b, 0x01, 0x03,
	0x2b, 0x00, 0x3f, 0xdc, 0x30, 0x31, 0x19, 0x01, 0x21, 0x11, 0x23, 0x15,
	0x23, 0x35, 0x03, 0x21, 0x11, 0x21, 0x01, 0xf4, 0xc8, 0x64, 0x64, 0x01,
	0x2c, 0xfe, 0xd4, 0x02, 0xbc, 0xfd, 0x44, 0x02, 0xbc, 0xc8, 0xc8, 0xfe,
	0xd4, 0xfe, 0xd4, 0x00, 0x00, 0x03, 0x00, 0x00, 0x00, 0x64, 0x01, 0x2c,
	0x01, 0x90, 0x00, 0x0b, 0x00, 0x0f, 0x00, 0x13, 0x00, 0x14, 0x40, 0x09,
	0x0d, 0x00, 0x09, 0x0f, 0x07, 0x00, 0x00, 0x0f, 0x03, 0x2b, 0x10, 0xd0,
	0x10, 0xd0, 0x10, 0xd0, 0x30, 0x31, 0x37, 0x33, 0x15, 0x33, 0x35, 0x23,
	0x35, 0x23, 0x35, 0x23, 0x15, 0x33, 0x07, 0x33, 0x35, 0x23, 0x37, 0x33,
	0x35, 0x23, 0x64, 0x64, 0x64, 0x64, 0x64, 0x64, 0x64, 0x64, 0x64, 0x64,
	0xc8, 0x64, 0x64, 0xc8, 0x64, 0x64, 0x64, 0x64, 0x64, 0xc8, 0x64, 0x64,
	0x64, 0x00, 0x00, 0x03, 0x00, 0x00, 0x00, 0x00, 0x01, 0xf4, 0x01, 0xf4,
	0x00, 0x03, 0x00, 0x0b, 0x00, 0x0f, 0x00, 0x0e, 0x40, 0x06, 0x02, 0x00,
	0x04, 0x04, 0x03, 0x03, 0x2b, 0x00, 0x3f, 0xdc, 0x30, 0x31, 0x31, 0x21,
	0x11, 0x21, 0x17, 0x33, 0x15, 0x33, 0x15, 0x23, 0x35, 0x23, 0x3b, 0x01,
	0x35, 0x23, 0x01, 0xf4, 0xfe, 0x0c, 0x64, 0xc8, 0x64, 0xc8, 0x64, 0x64,
	0x64, 0x64, 0x01, 0xf4, 0x64, 0x64, 0xc8, 0x64, 0x64, 0x00, 0x00, 0x02,
	0x00, 0x00, 0x00, 0x00, 0x01, 0xf4, 0x02, 0xbc, 0x00, 0x07, 0x00, 0x0f,
	0x00, 0x1a, 0x40, 0x0c, 0x0a, 0x00, 0x06, 0x00, 0x02, 0x00, 0x04, 0x08,
	0x06, 0x06, 0x07, 0x03, 0x2b, 0x10, 0xd0, 0x00, 0x3f, 0xdc, 0x10, 0xdc,
	0x10, 0xdc, 0x30, 0x31, 0x31, 0x21, 0x11, 0x23, 0x11, 0x21, 0x11, 0x23,
	0x37, 0x33, 0x15, 0x33, 0x35, 0x23, 0x35, 0x23, 0x01, 0xf4, 0x64, 0xfe,
	0xd4, 0x64, 0x64, 0x64, 0x64, 0x64, 0x64, 0x01, 0xf4, 0xfe, 0x70, 0x01,
	0x90, 0x64, 0x64, 0x64, 0x64, 0x00, 0x00, 0x03, 0x00, 0x00, 0x00, 0x00,
	0x01, 0xf4, 0x02, 0xbc, 0x00, 0x07, 0x00, 0x0b, 0x00, 0x0f, 0x00, 0x16,
	0x40, 0x0a, 0x08, 0x00, 0x06, 0x00, 0x02, 0x00, 0x04, 0x06, 0x07, 0x03,
	0x2b, 0x00, 0x3f, 0xdc, 0x10, 0xdc, 0x10, 0xdc, 0x30, 0x31, 0x31, 0x21,
	0x11, 0x23, 0x11, 0x21, 0x11, 0x23, 0x3b, 0x01, 0x35, 0x23, 0x3b, 0x01,
	0x35, 0x23, 0x01, 0xf4, 0x64, 0xfe, 0xd4, 0x64, 0xc8, 0x64, 0x64, 0x64,
	0x64, 0x64, 0x01, 0xf4, 0xfe, 0x70, 0x01, 0x90, 0x64, 0x64, 0x00, 0x02,
	0x00, 0x00, 0x00, 0x00, 0x01, 0xf4, 0x02, 0xbc, 0x00, 0x0f, 0x00, 0x13,
	0x00, 0x1e, 0x40, 0x0e, 0x10, 0x08, 0x0a, 0x08, 0x06, 0x08, 0x02, 0x08,
	0x04, 0x10, 0x05, 0x05, 0x08, 0x03, 0x2b, 0x10, 0xd0, 0x00, 0x3f, 0xdc,
	0x10, 0xdc, 0x10, 0xdc, 0x10, 0xdc, 0x30, 0x31, 0x13, 0x33, 0x15, 0x33,
	0x11, 0x21, 0x11, 0x23, 0x11, 0x21, 0x11, 0x23, 0x35, 0x23, 0x35, 0x23,
	0x07, 0x33, 0x35, 0x23, 0xc8, 0x64, 0x64, 0xfe, 0xd4, 0x64, 0x01, 0xf4,
	0x64, 0x64, 0x64, 0x64, 0x64, 0x64, 0x02, 0x58, 0x64, 0xfe, 0x70, 0x01,
	0x90, 0xfe, 0x0c, 0x01, 0xf4, 0x64, 0x64, 0xc8, 0x64, 0x00, 0x00, 0x01,
	0x00, 0x00, 0x00, 0x00, 0x01, 0xf4, 0x02, 0xbc, 0x00, 0x0b, 0x00, 0x12,
	0x40, 0x08, 0x04, 0x08, 0x00, 0x08, 0x04, 0x03, 0x08, 0x03, 0x2b, 0x00,
	0x3f, 0xdc, 0x10, 0xdc, 0x30, 0x31, 0x01, 0x33, 0x11, 0x21, 0x11, 0x33,
	0x35, 0x23, 0x11, 0x21, 0x11, 0x23, 0x01, 0x2c, 0x64, 0xfe, 0xd4, 0x64,
	0xc8, 0x01, 0xf4, 0xc8, 0x01, 0xf4, 0xfe, 0x70, 0x01, 0x90, 0xc8, 0xfd,
	0x44, 0x02, 0xbc, 0x00, 0x00, 0x03, 0x00, 0x00, 0x00, 0x00, 0x01, 0xf4,
	0x02, 0xbc, 0x00, 0x0b, 0x00, 0x0f, 0x00, 0x13, 0x00, 0x16, 0x40, 0x0a,
	0x10, 0x02, 0x0a, 0x02, 0x06, 0x02, 0x04, 0x0a, 0x0b, 0x03, 0x2b, 0x00,
	0x3f, 0xdc, 0x10, 0xdc, 0x10, 0xdc, 0x30, 0x31, 0x35, 0x33, 0x15, 0x33,
	0x35, 0x33, 0x11, 0x23, 0x15, 0x21, 0x35, 0x23, 0x25, 0x33, 0x35, 0x23,
	0x07, 0x33, 0x35, 0x23, 0xc8, 0x64, 0xc8, 0x64, 0xfe, 0xd4, 0x64, 0x01,
	0x2c, 0x64, 0x64, 0x64, 0x64, 0x64, 0xc8, 0xc8, 0xc8, 0x01, 0x2c, 0xc8,
	0xc8, 0x64, 0x64, 0xc8, 0x64, 0x00, 0x00, 0x01, 0x00, 0x00, 0xff, 0x9c,
	0x01, 0xf4, 0x02, 0x58, 0x00, 0x0f, 0x00, 0x16, 0x40, 0x0a, 0x0c, 0x02,
	0x04, 0x05, 0x0e, 0x01, 0x0e, 0x0e, 0x0f, 0x03, 0x2b, 0x10, 0xd0, 0x10,
	0xd0, 0x00, 0x3f, 0xdc, 0x30, 0x31, 0x15, 0x33, 0x35, 0x21, 0x35, 0x21,
	0x11, 0x21, 0x11, 0x33, 0x11, 0x23, 0x35, 0x21, 0x35, 0x23, 0x64, 0x01,
	0x2c, 0xfe, 0xd4, 0x01, 0x2c, 0x64, 0x64, 0xfe, 0xd4, 0x64, 0x64, 0x64,
	0x64, 0x01, 0x2c, 0xfe, 0xd4, 0x01, 0x2c, 0x64, 0x64, 0x00, 0x00, 0x01,
	0x00, 0x00, 0x00, 0x00, 0x01, 0xf4, 0x01, 0xf4, 0x00, 0x11, 0x00, 0x15,
	0x40, 0x0a, 0x10, 0x06, 0x04, 0x00, 0x04, 0x01, 0x0c, 0x0c, 0x11, 0x03,
	0x2b, 0x10, 0xd0, 0x00, 0x3f, 0x3f, 0xdc, 0x30, 0x31, 0x31, 0x33, 0x35,
	0x21, 0x15, 0x23, 0x15, 0x21, 0x35, 0x23, 0x35, 0x21, 0x35, 0x21, 0x15,
	0x33, 0x35, 0x21, 0x64, 0x01, 0x2c, 0xc8, 0x01, 0x2c, 0x64, 0xfe, 0xd4,
	0x01, 0x2c, 0x64, 0xfe, 0x0c, 0xc8, 0x64, 0x64, 0xc8, 0x64, 0x64, 0x64,
	0xc8, 0x00, 0x00, 0x02, 0x00, 0x00, 0x00, 0x00, 0x01, 0xf4, 0x02, 0xbc,
	0x00, 0x0f, 0x00, 0x13, 0x00, 0x1d, 0x40, 0x0e, 0x0a, 0x08, 0x02, 0x08,
	0x04, 0x04, 0x04, 0x10, 0x05, 0x00, 0x05, 0x05, 0x04, 0x03, 0x2b, 0x10,
	0xd0, 0x10, 0xd0, 0x00, 0x3f, 0x3f, 0xdc, 0x10, 0xdc, 0x30, 0x31, 0x13,
	0x33, 0x15, 0x23, 0x11, 0x33, 0x35, 0x21, 0x15, 0x33, 0x11, 0x23, 0x35,
	0x23, 0x35, 0x23, 0x11, 0x21, 0x15, 0x21, 0x64, 0x64, 0xc8, 0x64, 0x01,
	0x2c, 0x64, 0xc8, 0x64, 0x64, 0x01, 0x2c, 0xfe, 0xd4, 0x02, 0x58, 0x64,
	0xfe, 0x0c, 0xc8, 0xc8, 0x01, 0xf4, 0x64, 0x64, 0xfe, 0xd4, 0x64, 0x00,
	0x00, 0x03, 0x00, 0x00, 0x00, 0x00, 0x01, 0xf4, 0x02, 0xbc, 0x00, 0x0b,
	0x00, 0x0f, 0x00, 0x13, 0x00, 0x19, 0x40, 0x0c, 0x08, 0x06, 0x00, 0x06,
	0x04, 0x02, 0x04, 0x0c, 0x03, 0x03, 0x02, 0x03, 0x2b, 0x10, 0xd0, 0x00,
	0x3f, 0x3f, 0xdc, 0x10, 0xdc, 0x30, 0x31, 0x13, 0x23, 0x11, 0x33, 0x35,
	0x21, 0x15, 0x33, 0x11, 0x23, 0x35, 0x23, 0x07, 0x21, 0x15, 0x21, 0x13,
	0x33, 0x35, 0x23, 0xc8, 0xc8, 0x64, 0x01, 0x2c, 0x64, 0xc8, 0x64, 0x64,
	0x01, 0x2c, 0xfe, 0xd4, 0xc8, 0x64, 0x64, 0x01, 0xf4, 0xfe, 0x0c, 0xc8,
	0xc8, 0x01, 0xf4, 0x64, 0xc8, 0x64, 0x01, 0x2c, 0x64, 0x00, 0x00, 0x03,
	0x00, 0x00, 0x00, 0x00, 0x01, 0xf4, 0x02, 0xbc, 0x00, 0x0f, 0x00, 0x13,
	0x00, 0x17, 0x00, 0x21, 0x40, 0x10, 0x16, 0x08, 0x0a, 0x08, 0x02, 0x08,
	0x04, 0x04, 0x04, 0x10, 0x05, 0x01, 0x05, 0x05, 0x04, 0x03, 0x2b, 0x10,
	0xd0, 0x10, 0xd0, 0x00, 0x3f, 0x3f, 0xdc, 0x10, 0xdc, 0x10, 0xdc, 0x30,
	0x31, 0x13, 0x23, 0x15, 0x23, 0x11, 0x33, 0x35, 0x21, 0x15, 0x33, 0x11,
	0x23, 0x35, 0x23, 0x35, 0x23, 0x03, 0x21, 0x15, 0x21, 0x13, 0x33, 0x15,
	0x23, 0xc8, 0x64, 0x64, 0x64, 0x01, 0x2c, 0x64, 0x64, 0x64, 0x64, 0x64,
	0x01, 0x2c, 0xfe, 0xd4, 0x64, 0x64, 0x64, 0x02, 0x58, 0x64, 0xfe, 0x0c,
	0xc8, 0xc8, 0x01, 0xf4, 0x64, 0x64, 0xfe, 0xd4, 0x64, 0x01, 0x2c, 0x64,
	0x00, 0x03, 0x00, 0x00, 0x00, 0x00, 0x01, 0xf4, 0x02, 0xbc, 0x00, 0x0b,
	0x00, 0x0f, 0x00, 0x13, 0x00, 0x19, 0x40, 0x0c, 0x12, 0x08, 0x04, 0x00,
	0x04, 0x10, 0x09, 0x0c, 0x09, 0x09, 0x08, 0x03, 0x2b, 0x10, 0xd0, 0x10,
	0xd0, 0x00, 0x3f, 0x3f, 0xdc, 0x30, 0x31, 0x21, 0x33, 0x11, 0x23, 0x15,
	0x23, 0x35, 0x21, 0x11, 0x33, 0x35, 0x21, 0x25, 0x21, 0x15, 0x21, 0x11,
	0x33, 0x15, 0x23, 0x01, 0x90, 0x64, 0x64, 0x64, 0xfe, 0xd4, 0x64, 0x01,
	0x2c, 0xfe, 0xd4, 0x01, 0x2c, 0xfe, 0xd4, 0x64, 0x64, 0x02, 0xbc, 0x64,
	0x64, 0xfd, 0x44, 0xc8, 0xc8, 0x64, 0x01, 0x2c, 0x64, 0x00, 0x00, 0x02,
	0x00, 0x00, 0x00, 0x00, 0x01, 0xf4, 0x02, 0xbc, 0x00, 0x0b, 0x00, 0x0f,
	0x00, 0x15, 0x40, 0x0a, 0x04, 0x08, 0x04, 0x00, 0x04, 0x0c, 0x09, 0x09,
	0x08, 0x03, 0x2b, 0x10, 0xd0, 0x00, 0x3f, 0x3f, 0xdc, 0x30, 0x31, 0x21,
	0x33, 0x11, 0x23, 0x15, 0x23, 0x35, 0x23, 0x11, 0x33, 0x35, 0x21, 0x25,
	0x21, 0x15, 0x21, 0x01, 0x90, 0x64, 0xc8, 0x64, 0xc8, 0x64, 0x01, 0x2c,
	0xfe, 0xd4, 0x01, 0x2c, 0xfe, 0xd4, 0x02, 0xbc, 0xc8, 0xc8, 0xfd, 0x44,
	0xc8, 0xc8, 0x64, 0x00, 0x00, 0x03, 0x00, 0x00, 0x00, 0x00, 0x01, 0xf4,
	0x02, 0xbc, 0x00, 0x0b, 0x00, 0x0f, 0x00, 0x13, 0x00, 0x21, 0x40, 0x10,
	0x10, 0x06, 0x08, 0x06, 0x00, 0x06, 0x04, 0x02, 0x04, 0x0c, 0x03, 0x00,
	0x03, 0x03, 0x02, 0x03, 0x2b, 0x10, 0xd0, 0x10, 0xd0, 0x00, 0x3f, 0x3f,
	0xdc, 0x10, 0xdc, 0x10, 0xdc, 0x30, 0x31, 0x13, 0x23, 0x11, 0x33, 0x35,
	0x21, 0x15, 0x33, 0x11, 0x23, 0x35, 0x21, 0x11, 0x21, 0x15, 0x21, 0x37,
	0x23, 0x35, 0x33, 0x64, 0x64, 0x64, 0x01, 0x2c, 0x64, 0x64, 0xfe, 0xd4,
	0x01, 0x2c, 0xfe, 0xd4, 0xc8, 0x64, 0x64, 0x01, 0xf4, 0xfe, 0x0c, 0xc8,
	0xc8, 0x01, 0xf4, 0xc8, 0xfe, 0xd4, 0x64, 0xc8, 0x64, 0x00, 0x00, 0x02,
	0x00, 0x00, 0x00, 0x00, 0x01, 0xf4, 0x01, 0xf4, 0x00, 0x0f, 0x00, 0x13,
	0x00, 0x15, 0x40, 0x0a, 0x0a, 0x0c, 0x04, 0x00, 0x04, 0x10, 0x0d, 0x0d,
	0x0c, 0x03, 0x2b, 0x10, 0xd0, 0x00, 0x3f, 0x3f, 0xdc, 0x30, 0x31, 0x33,
	0x21, 0x35, 0x23, 0x35, 0x33, 0x35, 0x23, 0x35, 0x33, 0x35, 0x21, 0x11,
	0x33, 0x35, 0x33, 0x27, 0x33, 0x15, 0x23, 0xc8, 0x01, 0x2c, 0xc8, 0xc8,
	0xc8, 0xc8, 0xfe, 0x0c, 0x64, 0x64, 0x64, 0x64, 0x64, 0x64, 0x64, 0x64,
	0x64, 0x64, 0xfe, 0x0c, 0xc8, 0xc8, 0x64, 0x00, 0x00, 0x01, 0x00, 0x00,
	0xff, 0x38, 0x01, 0xf4, 0x01, 0xf4, 0x00, 0x0d, 0x00, 0x15, 0x40, 0x0a,
	0x0c, 0x06, 0x04, 0x00, 0x04, 0x03, 0x0a, 0x0a, 0x0d, 0x03, 0x2b, 0x10,
	0xd0, 0x00, 0x3f, 0x3f, 0xdc, 0x30, 0x31, 0x31, 0x33, 0x15, 0x23, 0x15,
	0x33, 0x35, 0x33, 0x35, 0x21, 0x11, 0x21, 0x35, 0x21, 0xc8, 0x64, 0xc8,
	0xc8, 0xfe, 0x70, 0x01, 0x90, 0xfe, 0x0c, 0x64, 0x64, 0xc8, 0x64, 0x01,
	0x2c, 0x64, 0x00, 0x01, 0x00, 0x00, 0x00, 0x00, 0x01, 0xf4, 0x02, 0xbc,
	0x00, 0x13, 0x00, 0x1a, 0x40, 0x0c, 0x0e, 0x04, 0x02, 0x04, 0x04, 0x0b,
	0x07, 0x00, 0x07, 0x07, 0x04, 0x03, 0x2b, 0x10, 0xd0, 0x10, 0xd0, 0x00,
	0x3f, 0xdc, 0x10, 0xdc, 0x30, 0x31, 0x13, 0x33, 0x15, 0x23, 0x11, 0x21,
	0x35, 0x21, 0x35, 0x33, 0x35, 0x23, 0x35, 0x21, 0x35, 0x23, 0x35, 0x23,
	0x35, 0x23, 0x64, 0x64, 0xc8, 0x01, 0xf4, 0xfe, 0x70, 0xc8, 0xc8, 0x01,
	0x90, 0xc8, 0x64, 0x64, 0x02, 0x58, 0x64, 0xfe, 0x0c, 0x64, 0x64, 0x64,
	0x64, 0x64, 0x64, 0x64, 0x00, 0x02, 0x00, 0x00, 0x00, 0x00, 0x01, 0xf4,
	0x02, 0xbc, 0x00, 0x0f, 0x00, 0x13, 0x00, 0x16, 0x40, 0x0a, 0x0e, 0x00,
	0x0a, 0x00, 0x04, 0x03, 0x08, 0x08, 0x0f, 0x03, 0x2b, 0x10, 0xd0, 0x00,
	0x3f, 0xdc, 0x10, 0xdc, 0x30, 0x31, 0x31, 0x21, 0x35, 0x21, 0x35, 0x33,
	0x35, 0x23, 0x35, 0x21, 0x35, 0x23, 0x35, 0x23, 0x15, 0x23, 0x25, 0x33,
	0x35, 0x23, 0x01, 0xf4, 0xfe, 0x70, 0xc8, 0xc8, 0x01, 0x90, 0xc8, 0x64,
	0xc8, 0x01, 0x2c, 0x64, 0x64, 0x64, 0x64, 0x64, 0x64, 0x64, 0x64, 0x64,
	0x64, 0x64, 0x00, 0x02, 0x00, 0x00, 0x00, 0x00, 0x01, 0xf4, 0x02, 0xbc,
	0x00, 0x13, 0x00, 0x17, 0x00, 0x1e, 0x40, 0x0e, 0x16, 0x04, 0x0e, 0x04,
	0x02, 0x04, 0x04, 0x0b, 0x07, 0x01, 0x07, 0x07, 0x04, 0x03, 0x2b, 0x10,
	0xd0, 0x10, 0xd0, 0x00, 0x3f, 0xdc, 0x10, 0xdc, 0x10, 0xdc, 0x30, 0x31,
	0x13, 0x23, 0x15, 0x23, 0x11, 0x21, 0x35, 0x21, 0x35, 0x33, 0x35, 0x23,
	0x35, 0x21, 0x35, 0x23, 0x35, 0x23, 0x35, 0x23, 0x15, 0x33, 0x15, 0x23,
	0xc8, 0x64, 0x64, 0x01, 0xf4, 0xfe, 0x70, 0xc8, 0xc8, 0x01, 0x90, 0x64,
	0x64, 0x64, 0x64, 0x64, 0x02, 0x58, 0x64, 0xfe, 0x0c, 0x64, 0x64, 0x64,
	0x64, 0x64, 0x64, 0x64, 0x64, 0x64, 0x00, 0x01, 0x00, 0x00, 0x00, 0x00,
	0x01, 0xf4, 0x02, 0xbc, 0x00, 0x0f, 0x00, 0x12, 0x40, 0x08, 0x00, 0x04,
	0x04, 0x0b, 0x07, 0x07, 0x04, 0x03, 0x2b, 0x10, 0xd0, 0x00, 0x3f, 0xdc,
	0x30, 0x31, 0x01, 0x23, 0x35, 0x23, 0x11, 0x21, 0x35, 0x21, 0x35, 0x33,
	0x35, 0x23, 0x35, 0x21, 0x11, 0x23, 0x01, 0x2c, 0x64, 0xc8, 0x01, 0xf4,
	0xfe, 0x70, 0xc8, 0xc8, 0x01, 0x90, 0xc8, 0x01, 0xf4, 0xc8, 0xfd, 0x44,
	0x64, 0x64, 0x64, 0x64, 0x01, 0x2c, 0x00, 0x02, 0x00, 0x00, 0x00, 0x00,
	0x00, 0xc8, 0x02, 0xbc, 0x00, 0x03, 0x00, 0x0b, 0x00, 0x1e, 0x40, 0x0e,
	0x04, 0x00, 0x02, 0x00, 0x04, 0x04, 0x07, 0x01, 0x07, 0x00, 0x0a, 0x07,
	0x0a, 0x03, 0x2b, 0x10, 0xd0, 0x10, 0xd0, 0x10, 0xd0, 0x00, 0x3f, 0xdc,
	0x10, 0xdc, 0x30, 0x31, 0x31, 0x33, 0x11, 0x23, 0x3b, 0x01, 0x35, 0x23,
	0x35, 0x23, 0x15, 0x33, 0x64, 0x64, 0x64, 0x64, 0x64, 0x64, 0x64, 0x01,
	0xf4, 0x64, 0x64, 0x64, 0x00, 0x02, 0x00, 0x00, 0x00, 0x00, 0x00, 0xc8,
	0x02, 0xbc, 0x00, 0x07, 0x00, 0x0b, 0x00, 0x1a, 0x40, 0x0c, 0x04, 0x02,
	0x00, 0x02, 0x04, 0x08, 0x06, 0x01, 0x06, 0x06, 0x07, 0x03, 0x2b, 0x10,
	0xd0, 0x10, 0xd0, 0x00, 0x3f, 0xdc, 0x10, 0xdc, 0x30, 0x31, 0x11, 0x33,
	0x11, 0x33, 0x11, 0x23, 0x35, 0x23, 0x3b, 0x01, 0x35, 0x23, 0x64, 0x64,
	0x64, 0x64, 0x64, 0x64, 0x64, 0x01, 0xf4, 0xfe, 0x0c, 0x01, 0xf4, 0x64,
	0x64, 0x00, 0x00, 0x02, 0x00, 0x00, 0x00, 0x00, 0x01, 0x2c, 0x02, 0xbc,
	0x00, 0x07, 0x00, 0x0f, 0x00, 0x1e, 0x40, 0x0e, 0x08, 0x02, 0x04, 0x02,
	0x00, 0x02, 0x04, 0x0d, 0x06, 0x01, 0x06, 0x06, 0x07, 0x03, 0x2b, 0x10,
	0xd0, 0x10, 0xd0, 0x00, 0x3f, 0xdc, 0x10, 0xdc, 0x10, 0xdc, 0x30, 0x31,
	0x11, 0x33, 0x11, 0x33, 0x11, 0x23, 0x35, 0x23, 0x17, 0x33, 0x35, 0x23,
	0x35, 0x23, 0x15, 0x33, 0x64, 0x64, 0x64, 0x64, 0xc8, 0x64, 0x64, 0x64,
	0x64, 0x01, 0xf4, 0xfe, 0x0c, 0x01, 0xf4, 0x64, 0x64, 0x64, 0x64, 0x64,
	0x00, 0x02, 0x00, 0x00, 0x00, 0x00, 0x01, 0x2c, 0x02, 0xbc, 0x00, 0x07,
	0x00, 0x0b, 0x00, 0x1a, 0x40, 0x0c, 0x08, 0x02, 0x04, 0x02, 0x00, 0x02,
	0x04, 0x01, 0x06, 0x06, 0x07, 0x03, 0x2b, 0x10, 0xd0, 0x00, 0x3f, 0xdc,
	0x10, 0xdc, 0x10, 0xdc, 0x30, 0x31, 0x11, 0x33, 0x11, 0x33, 0x11, 0x23,
	0x35, 0x23, 0x17, 0x33, 0x35, 0x23, 0x64, 0x64, 0x64, 0x64, 0xc8, 0x64,
	0x64, 0x01, 0xf4, 0xfe, 0x0c, 0x01, 0xf4, 0xc8, 0xc8, 0xc8, 0x00, 0x01,
	0x00, 0x00, 0x00, 0x00, 0x01, 0xf4, 0x01, 0xf4, 0x00, 0x0f, 0x00, 0x12,
	0x40, 0x08, 0x0a, 0x0c, 0x04, 0x03, 0x0f, 0x0f, 0x0c, 0x03, 0x2b, 0x10,
	0xd0, 0x00, 0x3f, 0xdc, 0x30, 0x31, 0x37, 0x33, 0x35, 0x23, 0x35, 0x21,
	0x11, 0x33, 0x11, 0x23, 0x35, 0x21, 0x11, 0x21, 0x35, 0x21, 0x64, 0x64,
	0x64, 0x01, 0x2c, 0x64, 0x64, 0xfe, 0x70, 0x01, 0x90, 0xfe, 0xd4, 0xc8,
	0x64, 0x64, 0xfe, 0xd4, 0x01, 0x2c, 0x64, 0xfe, 0x0c, 0x64, 0x00, 0x02,
	0x00, 0x00, 0x00, 0x00, 0x01, 0xf4, 0x02, 0xbc, 0x00, 0x0b, 0x00, 0x0f,
	0x00, 0x15, 0x40, 0x0a, 0x0e, 0x05, 0x04, 0x01, 0x04, 0x0c, 0x02, 0x02,
	0x01, 0x03, 0x2b, 0x10, 0xd0, 0x00, 0x3f, 0x3f, 0xdc, 0x30, 0x31, 0x19,
	0x01, 0x33, 0x11, 0x21, 0x11, 0x33, 0x11, 0x23, 0x15, 0x23, 0x35, 0x07,
	0x33, 0x15, 0x23, 0x64, 0x01, 0x2c, 0x64, 0x64, 0x64, 0xc8, 0x64, 0x64,
	0x02, 0xbc, 0xfd, 0x44, 0x01, 0x90, 0xfe, 0x70, 0x02, 0xbc, 0x64, 0x64,
	0x64, 0x64, 0x00, 0x02, 0x00, 0x00, 0x00, 0x00, 0x01, 0xf4, 0x02, 0xbc,
	0x00, 0x0b, 0x00, 0x0f, 0x00, 0x16, 0x40, 0x0a, 0x06, 0x04, 0x02, 0x04,
	0x04, 0x00, 0x0f, 0x0f, 0x04, 0x03, 0x2b, 0x10, 0xd0, 0x00, 0x3f, 0xdc,
	0x10, 0xdc, 0x30, 0x31, 0x13, 0x33, 0x15, 0x23, 0x11, 0x21, 0x11, 0x23,
	0x35, 0x23, 0x35, 0x23, 0x11, 0x21, 0x11, 0x21, 0x64, 0x64, 0xc8, 0x01,
	0xf4, 0xc8, 0x64, 0x64, 0x01, 0x2c, 0xfe, 0xd4, 0x02, 0x58, 0x64, 0xfe,
	0x0c, 0x01, 0xf4, 0x64, 0x64, 0xfe, 0xd4, 0xfe, 0xd4, 0x00, 0x00, 0x03,
	0x00, 0x00, 0x00, 0x00, 0x01, 0xf4, 0x02, 0xbc, 0x00, 0x07, 0x00, 0x0b,
	0x00, 0x0f, 0x00, 0x12, 0x40, 0x08, 0x06, 0x00, 0x02, 0x00, 0x04, 0x08,
	0x07, 0x03, 0x2b, 0x00, 0x3f, 0xdc, 0x10, 0xdc, 0x30, 0x31, 0x31, 0x21,
	0x11, 0x23, 0x35, 0x23, 0x15, 0x23, 0x17, 0x21, 0x11, 0x21, 0x13, 0x33,
	0x35, 0x23, 0x01, 0xf4, 0xc8, 0x64, 0xc8, 0x64, 0x01, 0x2c, 0xfe, 0xd4,
	0xc8, 0x64, 0x64, 0x01, 0xf4, 0x64, 0x64, 0x64, 0xfe, 0xd4, 0x01, 0xf4,
	0x64, 0x00, 0x00, 0x03, 0x00, 0x00, 0x00, 0x00, 0x01, 0xf4, 0x02, 0xbc,
	0x00, 0x0b, 0x00, 0x0f, 0x00, 0x13, 0x00, 0x1a, 0x40, 0x0c, 0x12, 0x04,
	0x06, 0x04, 0x02, 0x04, 0x04, 0x01, 0x0f, 0x0f, 0x04, 0x03, 0x2b, 0x10,
	0xd0, 0x00, 0x3f, 0xdc, 0x10, 0xdc, 0x10, 0xdc, 0x30, 0x31, 0x13, 0x23,
	0x15, 0x23, 0x11, 0x21, 0x11, 0x23, 0x35, 0x23, 0x35, 0x23, 0x03, 0x21,
	0x11, 0x21, 0x13, 0x33, 0x15, 0x23, 0xc8, 0x64, 0x64, 0x01, 0xf4, 0x64,
	0x64, 0x64, 0x64, 0x01, 0x2c, 0xfe, 0xd4, 0x64, 0x64, 0x64, 0x02, 0x58,
	0x64, 0xfe, 0x0c, 0x01, 0xf4, 0x64, 0x64, 0xfe, 0xd4, 0xfe, 0xd4, 0x01,
	0xf4, 0x64, 0x00, 0x03, 0x00, 0x00, 0x00, 0x00, 0x01, 0xf4, 0x02, 0xbc,
	0x00, 0x07, 0x00, 0x0b, 0x00, 0x0f, 0x00, 0x12, 0x40, 0x08, 0x0e, 0x01,
	0x04, 0x0c, 0x0b, 0x0b, 0x01, 0x03, 0x2b, 0x10, 0xd0, 0x00, 0x3f, 0xdc,
	0x30, 0x31, 0x19, 0x01, 0x21, 0x11, 0x23, 0x15, 0x23, 0x35, 0x03, 0x21,
	0x11, 0x21, 0x11, 0x33, 0x15, 0x23, 0x01, 0xf4, 0x64, 0x64, 0xc8, 0x01,
	0x2c, 0xfe, 0xd4, 0x64, 0x64, 0x02, 0xbc, 0xfd, 0x44, 0x02, 0xbc, 0x64,
	0x64, 0xfe, 0xd4, 0xfe, 0xd4, 0x01, 0xf4, 0x64, 0x00, 0x02, 0x00, 0x00,
	0x00, 0x00, 0x01, 0xf4, 0x02, 0xbc, 0x00, 0x07, 0x00, 0x0b, 0x00, 0x0e,
	0x40, 0x06, 0x05, 0x01, 0x04, 0x0b, 0x01, 0x03, 0x2b, 0x00, 0x3f, 0xdc,
	0x30, 0x31, 0x19, 0x01, 0x21, 0x11, 0x23, 0x15, 0x23, 0x35, 0x03, 0x21,
	0x11, 0x21, 0x01, 0xf4, 0xc8, 0x64, 0x64, 0x01, 0x2c, 0xfe, 0xd4, 0x02,
	0xbc, 0xfd, 0x44, 0x02, 0xbc, 0xc8, 0xc8, 0xfe, 0xd4, 0xfe, 0xd4, 0x00,
	0x00, 0x03, 0x00, 0x00, 0x00, 0x00, 0x01, 0x2c, 0x01, 0xf4, 0x00, 0x03,
	0x00, 0x07, 0x00, 0x0b, 0x00, 0x12, 0x40, 0x08, 0x06, 0x08, 0x04, 0x08,
	0x04, 0x04, 0x03, 0x03, 0x2b, 0x10, 0xd0, 0x00, 0x3f, 0xdc, 0x30, 0x31,
	0x35, 0x21, 0x35, 0x21, 0x37, 0x33, 0x35, 0x23, 0x11, 0x33, 0x35, 0x23,
	0x01, 0x2c, 0xfe, 0xd4, 0x64, 0x64, 0x64, 0x64, 0x64, 0xc8, 0x64, 0x64,
	0x64, 0xfe, 0x0c, 0x64, 0x00, 0x03, 0x00, 0x00, 0x00, 0x00, 0x01, 0xf4,
	0x01, 0xf4, 0x00, 0x03, 0x00, 0x0b, 0x00, 0x0f, 0x00, 0x0e, 0x40, 0x06,
	0x02, 0x00, 0x04, 0x04, 0x03, 0x03, 0x2b, 0x00, 0x3f, 0xdc, 0x30, 0x31,
	0x31, 0x21, 0x11, 0x21, 0x17, 0x33, 0x15, 0x33, 0x15, 0x23, 0x35, 0x23,
	0x3b, 0x01, 0x35, 0x23, 0x01, 0xf4, 0xfe, 0x0c, 0x64, 0xc8, 0x64, 0xc8,
	0x64, 0x64, 0x64, 0x64, 0x01, 0xf4, 0x64, 0x64, 0xc8, 0x64, 0x64, 0x00,
	0x00, 0x02, 0x00, 0x00, 0x00, 0x00, 0x01, 0xf4, 0x02, 0xbc, 0x00, 0x07,
	0x00, 0x0f, 0x00, 0x1a, 0x40, 0x0c, 0x0a, 0x00, 0x06, 0x00, 0x02, 0x00,
	0x04, 0x08, 0x06, 0x06, 0x07, 0x03, 0x2b, 0x10, 0xd0, 0x00, 0x3f, 0xdc,
	0x10, 0xdc, 0x10, 0xdc, 0x30, 0x31, 0x31, 0x21, 0x11, 0x23, 0x11, 0x21,
	0x11, 0x23, 0x37, 0x33, 0x15, 0x33, 0x35, 0x23, 0x35, 0x23, 0x01, 0xf4,
	0x64, 0xfe, 0xd4, 0x64, 0x64, 0x64, 0x64, 0x64, 0x64, 0x01, 0xf4, 0xfe,
	0x70, 0x01, 0x90, 0x64, 0x64, 0x64, 0x64, 0x00, 0x00, 0x03, 0x00, 0x00,
	0x00, 0x00, 0x01, 0xf4, 0x02, 0xbc, 0x00, 0x07, 0x00, 0x0b, 0x00, 0x0f,
	0x00, 0x16, 0x40, 0x0a, 0x08, 0x00, 0x06, 0x00, 0x02, 0x00, 0x04, 0x06,
	0x07, 0x03, 0x2b, 0x00, 0x3f, 0xdc, 0x10, 0xdc, 0x10, 0xdc, 0x30, 0x31,
	0x31, 0x21, 0x11, 0x23, 0x11, 0x21, 0x11, 0x23, 0x3b, 0x01, 0x35, 0x23,
	0x3b, 0x01, 0x35, 0x23, 0x01, 0xf4, 0x64, 0xfe, 0xd4, 0x64, 0xc8, 0x64,
	0x64, 0x64, 0x64, 0x64, 0x01, 0xf4, 0xfe, 0x70, 0x01, 0x90, 0x64, 0x64,
	0x00, 0x02, 0x00, 0x00, 0x00, 0x00, 0x01, 0xf4, 0x02, 0xbc, 0x00, 0x0f,
	0x00, 0x13, 0x00, 0x1e, 0x40, 0x0e, 0x10, 0x08, 0x0a, 0x08, 0x06, 0x08,
	0x02, 0x08, 0x04, 0x10, 0x05, 0x05, 0x08, 0x03, 0x2b, 0x10, 0xd0, 0x00,
	0x3f, 0xdc, 0x10, 0xdc, 0x10, 0xdc, 0x10, 0xdc, 0x30, 0x31, 0x13, 0x33,
	0x15, 0x33, 0x11, 0x21, 0x11, 0x23, 0x11, 0x21, 0x11, 0x23, 0x35, 0x23,
	0x35, 0x23, 0x07, 0x33, 0x35, 0x23, 0xc8, 0x64, 0x64, 0xfe, 0xd4, 0x64,
	0x01, 0xf4, 0x64, 0x64, 0x64, 0x64, 0x64, 0x64, 0x02, 0x58, 0x64, 0xfe,
	0x70, 0x01, 0x90, 0xfe, 0x0c, 0x01, 0xf4, 0x64, 0x64, 0xc8, 0x64, 0x00,
	0x00, 0x01, 0x00, 0x00, 0x00, 0x00, 0x01, 0xf4, 0x02, 0xbc, 0x00, 0x0b,
	0x00, 0x12, 0x40, 0x08, 0x04, 0x08, 0x00, 0x08, 0x04, 0x03, 0x08, 0x03,
	0x2b, 0x00, 0x3f, 0xdc, 0x10, 0xdc, 0x30, 0x31, 0x01, 0x33, 0x11, 0x21,
	0x11, 0x33, 0x35, 0x23, 0x11, 0x21, 0x11, 0x23, 0x01, 0x2c, 0x64, 0xfe,
	0xd4, 0x64, 0xc8, 0x01, 0xf4, 0xc8, 0x01, 0xf4, 0xfe, 0x70, 0x01, 0x90,
	0xc8, 0xfd, 0x44, 0x02, 0xbc, 0x00, 0x00, 0x05, 0x00, 0x00, 0x00, 0x00,
	0x01, 0xf4, 0x02, 0xbc, 0x00, 0x0b, 0x00, 0x0f, 0x00, 0x13, 0x00, 0x17,
	0x00, 0x1b, 0x00, 0x1a, 0x40, 0x0c, 0x14, 0x02, 0x12, 0x02, 0x08, 0x02,
	0x04, 0x00, 0x07, 0x07, 0x0a, 0x03, 0x2b, 0x10, 0xd0, 0x00, 0x3f, 0xdc,
	0x10, 0xdc, 0x10, 0xdc, 0x30, 0x31, 0x13, 0x33, 0x11, 0x33, 0x11, 0x23,
	0x35, 0x23, 0x35, 0x23, 0x15, 0x33, 0x17, 0x33, 0x35, 0x23, 0x3b, 0x01,
	0x35, 0x2b, 0x01, 0x33, 0x35, 0x23, 0x3b, 0x01, 0x35, 0x23, 0x64, 0x64,
	0x64, 0x64, 0x64, 0x64, 0x64, 0xc8, 0x64, 0x64, 0x64, 0x64, 0x64, 0xc8,
	0x64, 0x64, 0x64, 0x64, 0x64, 0x01, 0x2c, 0xfe, 0xd4, 0x01, 0x2c, 0x64,
	0x64, 0x64, 0x64, 0x64, 0x64, 0x64, 0x64, 0x00, 0x00, 0x01, 0x00, 0x00,
	0xff, 0x38, 0x01, 0xf4, 0x02, 0xbc, 0x00, 0x0f, 0x00, 0x16, 0x40, 0x0a,
	0x0c, 0x02, 0x04, 0x05, 0x0e, 0x01, 0x0e, 0x0e, 0x0f, 0x03, 0x2b, 0x10,
	0xd0, 0x10, 0xd0, 0x00, 0x3f, 0xdc, 0x30, 0x31, 0x15, 0x33, 0x35, 0x21,
	0x35, 0x21, 0x11, 0x21, 0x11, 0x33, 0x11, 0x23, 0x35, 0x21, 0x35, 0x23,
	0x64, 0x01, 0x2c, 0xfe, 0xd4, 0x01, 0x2c, 0x64, 0x64, 0xfe, 0xd4, 0x64,
	0xc8, 0xc8, 0x64, 0x01, 0x2c, 0xfe, 0xd4, 0x01, 0x2c, 0x64, 0xc8, 0x00,
	0x00, 0x03, 0x00, 0x00, 0x00, 0x00, 0x01, 0xf4, 0x02, 0xbc, 0x00, 0x0d,
	0x00, 0x13, 0x00, 0x17, 0x00, 0x16, 0x40, 0x0a, 0x0e, 0x02, 0x08, 0x02,
	0x04, 0x00, 0x07, 0x07, 0x0c, 0x03, 0x2b, 0x10, 0xd0, 0x00, 0x3f, 0xdc,
	0x10, 0xdc, 0x30, 0x31, 0x13, 0x33, 0x11, 0x33, 0x11, 0x23, 0x35, 0x23,
	0x35, 0x33, 0x35, 0x23, 0x11, 0x33, 0x37, 0x33, 0x15, 0x33, 0x11, 0x23,
	0x11, 0x33, 0x35, 0x23, 0x64, 0x64, 0x64, 0x64, 0x64, 0x64, 0xc8, 0x64,
	0xc8, 0x64, 0x64, 0xc8, 0x64, 0x64, 0x01, 0x2c, 0xfe, 0xd4, 0x01, 0x2c,
	0x64, 0x64, 0xc8, 0xfe, 0xd4, 0x64, 0x64, 0x01, 0x2c, 0xfe, 0x70, 0x64,
	0x00, 0x00, 0x00, 0x1b, 0x00, 0x00, 0x00, 0xe8, 0x09, 0x08, 0x05, 0x05,
	0x02, 0x04, 0x05, 0x05, 0x05, 0x05, 0x02, 0x03, 0x03, 0x05, 0x05, 0x02,
	0x04, 0x02, 0x05, 0x05, 0x03, 0x05, 0x05, 0x05, 0x05, 0x05, 0x05, 0x05,
	0x05, 0x02, 0x02, 0x04, 0x05, 0x04, 0x05, 0x05, 0x05, 0x05, 0x05, 0x05,
	0x05, 0x05, 0x05, 0x05, 0x05, 0x05, 0x05, 0x05, 0x05, 0x05, 0x05, 0x05,
	0x05, 0x05, 0x05, 0x05, 0x05, 0x05, 0x05, 0x05, 0x05, 0x05, 0x03, 0x05,
	0x03, 0x04, 0x05, 0x02, 0x05, 0x05, 0x05, 0x05, 0x05, 0x05, 0x05, 0x05,
	0x02, 0x05, 0x05, 0x05, 0x05, 0x05, 0x05, 0x05, 0x05, 0x05, 0x05, 0x05,
	0x05, 0x05, 0x05, 0x05, 0x05, 0x05, 0x04, 0x02, 0x04, 0x05, 0x05, 0x05,
	0x05, 0x02, 0x05, 0x04, 0x05, 0x05, 0x05, 0x04, 0x08, 0x05, 0x03, 0x05,
	0x05, 0x05, 0x05, 0x05, 0x02, 0x02, 0x04, 0x04, 0x05, 0x03, 0x05, 0x05,
	0x05, 0x05, 0x03, 0x05, 0x05, 0x05, 0x05, 0x05, 0x02, 0x05, 0x05, 0x05,
	0x05, 0x02, 0x05, 0x05, 0x05, 0x03, 0x05, 0x05, 0x05, 0x05, 0x05, 0x04,
	0x05, 0x04, 0x04, 0x03, 0x05, 0x05, 0x04, 0x03, 0x03, 0x04, 0x05, 0x05,
	0x05, 0x05, 0x05, 0x05, 0x05, 0x05, 0x05, 0x05, 0x05, 0x05, 0x05, 0x05,
	0x05, 0x05, 0x05, 0x05, 0x05, 0x05, 0x05, 0x05, 0x05, 0x05, 0x05, 0x05,
	0x05, 0x05, 0x04, 0x05, 0x05, 0x05, 0x05, 0x05, 0x05, 0x05, 0x05, 0x05,
	0x05, 0x05, 0x05, 0x05, 0x05, 0x05, 0x05, 0x05, 0x05, 0x05, 0x05, 0x03,
	0x03, 0x04, 0x04, 0x05, 0x05, 0x05, 0x05, 0x05, 0x05, 0x05, 0x04, 0x05,
	0x05, 0x05, 0x05, 0x05, 0x05, 0x05, 0x05, 0x00, 0x05, 0x00, 0x00, 0x00,
	0x0a, 0x09, 0x06, 0x06, 0x02, 0x04, 0x06, 0x06, 0x06, 0x06, 0x02, 0x03,
	0x03, 0x06, 0x06, 0x02, 0x04, 0x02, 0x06, 0x06, 0x03, 0x06, 0x06, 0x06,
	0x06, 0x06, 0x06, 0x06, 0x06, 0x02, 0x02, 0x04, 0x06, 0x04, 0x06, 0x06,
	0x06, 0x06, 0x06, 0x06, 0x06, 0x06, 0x06, 0x06, 0x06, 0x06, 0x06, 0x06,
	0x06, 0x06, 0x06, 0x06, 0x06, 0x06, 0x06, 0x06, 0x06, 0x06, 0x06, 0x06,
	0x06, 0x06, 0x03, 0x06, 0x03, 0x04, 0x06, 0x02, 0x06, 0x06, 0x06, 0x06,
	0x06, 0x06, 0x06, 0x06, 0x02, 0x06, 0x06, 0x06, 0x06, 0x06, 0x06, 0x06,
	0x06, 0x06, 0x06, 0x06, 0x06, 0x06, 0x06, 0x06, 0x06, 0x06, 0x04, 0x02,
	0x04, 0x06, 0x06, 0x06, 0x06, 0x02, 0x06, 0x04, 0x06, 0x06, 0x06, 0x04,
	0x09, 0x06, 0x03, 0x06, 0x06, 0x06, 0x06, 0x06, 0x02, 0x02, 0x04, 0x04,
	0x06, 0x03, 0x05, 0x06, 0x06, 0x06, 0x03, 0x06, 0x06, 0x06, 0x06, 0x06,
	0x02, 0x06, 0x06, 0x06, 0x06, 0x02, 0x06, 0x06, 0x06, 0x03, 0x06, 0x06,
	0x06, 0x06, 0x06, 0x04, 0x06, 0x04, 0x04, 0x03, 0x06, 0x06, 0x04, 0x03,
	0x03, 0x04, 0x06, 0x06, 0x06, 0x06, 0x06, 0x06, 0x06, 0x06, 0x06, 0x06,
	0x06, 0x06, 0x06, 0x06, 0x06, 0x06, 0x06, 0x06, 0x06, 0x06, 0x06, 0x06,
	0x06, 0x06, 0x06, 0x06, 0x06, 0x06, 0x04, 0x06, 0x06, 0x06, 0x06, 0x06,
	0x06, 0x06, 0x06, 0x06, 0x06, 0x06, 0x06, 0x06, 0x06, 0x06, 0x06, 0x06,
	0x06, 0x06, 0x06, 0x03, 0x03, 0x04, 0x04, 0x06, 0x06, 0x06, 0x06, 0x06,
	0x06, 0x06, 0x04, 0x06, 0x06, 0x06, 0x06, 0x06, 0x06, 0x06, 0x06, 0x00,
	0x05, 0x00, 0x00, 0x00, 0x0b, 0x0a, 0x07, 0x07, 0x02, 0x04, 0x07, 0x07,
	0x07, 0x07, 0x02, 0x03, 0x03, 0x07, 0x07, 0x02, 0x04, 0x02, 0x07, 0x07,
	0x03, 0x07, 0x07, 0x07, 0x07, 0x07, 0x07, 0x07, 0x07, 0x02, 0x02, 0x04,
	0x07, 0x04, 0x07, 0x07, 0x07, 0x07, 0x07, 0x07, 0x07, 0x07, 0x07, 0x07,
	0x07, 0x07, 0x07, 0x07, 0x07, 0x07, 0x07, 0x07, 0x07, 0x07, 0x07, 0x07,
	0x07, 0x07, 0x07, 0x07, 0x07, 0x07, 0x03, 0x07, 0x03, 0x04, 0x07, 0x02,
	0x07, 0x07, 0x07, 0x07, 0x07, 0x07, 0x07, 0x07, 0x02, 0x07, 0x07, 0x07,
	0x07, 0x07, 0x07, 0x07, 0x07, 0x07, 0x07, 0x07, 0x07, 0x07, 0x07, 0x07,
	0x07, 0x07, 0x04, 0x02, 0x04, 0x07, 0x07, 0x07, 0x07, 0x02, 0x07, 0x04,
	0x07, 0x07, 0x07, 0x04, 0x0a, 0x07, 0x03, 0x07, 0x07, 0x07, 0x07, 0x07,
	0x02, 0x02, 0x04, 0x04, 0x07, 0x03, 0x06, 0x07, 0x07, 0x07, 0x03, 0x07,
	0x07, 0x07, 0x07, 0x07, 0x02, 0x07, 0x07, 0x07, 0x07, 0x02, 0x07, 0x07,
	0x07, 0x03, 0x07, 0x07, 0x07, 0x07, 0x07, 0x04, 0x07, 0x04, 0x04, 0x03,
	0x07, 0x07, 0x04, 0x03, 0x03, 0x04, 0x07, 0x07, 0x07, 0x07, 0x07, 0x07,
	0x07, 0x07, 0x07, 0x07, 0x07, 0x07, 0x07, 0x07, 0x07, 0x07, 0x07, 0x07,
	0x07, 0x07, 0x07, 0x07, 0x07, 0x07, 0x07, 0x07, 0x07, 0x07, 0x04, 0x07,
	0x07, 0x07, 0x07, 0x07, 0x07, 0x07, 0x07, 0x07, 0x07, 0x07, 0x07, 0x07,
	0x07, 0x07, 0x07, 0x07, 0x07, 0x07, 0x07, 0x03, 0x03, 0x04, 0x04, 0x07,
	0x07, 0x07, 0x07, 0x07, 0x07, 0x07, 0x04, 0x07, 0x07, 0x07, 0x07, 0x07,
	0x07, 0x07, 0x07, 0x00, 0x06, 0x00, 0x00, 0x00, 0x0c, 0x0b, 0x07, 0x07,
	0x02, 0x05, 0x07, 0x07, 0x07, 0x07, 0x02, 0x04, 0x04, 0x07, 0x07, 0x02,
	0x05, 0x02, 0x07, 0x07, 0x04, 0x07, 0x07, 0x07, 0x07, 0x07, 0x07, 0x07,
	0x07, 0x02, 0x02, 0x05, 0x07, 0x05, 0x07, 0x07, 0x07, 0x07, 0x07, 0x07,
	0x07, 0x07, 0x07, 0x07, 0x07, 0x07, 0x07, 0x07, 0x07, 0x07, 0x07, 0x07,
	0x07, 0x07, 0x07, 0x07, 0x07, 0x07, 0x07, 0x07, 0x07, 0x07, 0x04, 0x07,
	0x04, 0x05, 0x07, 0x02, 0x07, 0x07, 0x07, 0x07, 0x07, 0x07, 0x07, 0x07,
	0x02, 0x07, 0x07, 0x07, 0x07, 0x07, 0x07, 0x07, 0x07, 0x07, 0x07, 0x07,
	0x07, 0x07, 0x07, 0x07, 0x07, 0x07, 0x05, 0x02, 0x05, 0x07, 0x07, 0x07,
	0x07, 0x02, 0x07, 0x05, 0x07, 0x07, 0x07, 0x05, 0x0b, 0x07, 0x04, 0x07,
	0x07, 0x07, 0x07, 0x07, 0x02, 0x02, 0x05, 0x05, 0x07, 0x04, 0x06, 0x07,
	0x07, 0x07, 0x04, 0x07, 0x07, 0x07, 0x07, 0x07, 0x02, 0x07, 0x07, 0x07,
	0x07, 0x02, 0x07, 0x07, 0x07, 0x04, 0x07, 0x07, 0x07, 0x07, 0x07, 0x05,
	0x07, 0x05, 0x05, 0x04, 0x07, 0x07, 0x05, 0x04, 0x04, 0x05, 0x07, 0x07,
	0x07, 0x07, 0x07, 0x07, 0x07, 0x07, 0x07, 0x07, 0x07, 0x07, 0x07, 0x07,
	0x07, 0x07, 0x07, 0x07, 0x07, 0x07, 0x07, 0x07, 0x07, 0x07, 0x07, 0x07,
	0x07, 0x07, 0x05, 0x07, 0x07, 0x07, 0x07, 0x07, 0x07, 0x07, 0x07, 0x07,
	0x07, 0x07, 0x07, 0x07, 0x07, 0x07, 0x07, 0x07, 0x07, 0x07, 0x07, 0x04,
	0x04, 0x05, 0x05, 0x07, 0x07, 0x07, 0x07, 0x07, 0x07, 0x07, 0x05, 0x07,
	0x07, 0x07, 0x07, 0x07, 0x07, 0x07, 0x07, 0x00, 0x06, 0x00, 0x00, 0x00,
	0x0d, 0x0c, 0x08, 0x08, 0x03, 0x05, 0x08, 0x08, 0x08, 0x08, 0x03, 0x04,
	0x04, 0x08, 0x08, 0x03, 0x05, 0x03, 0x08, 0x08, 0x04, 0x08, 0x08, 0x08,
	0x08, 0x08, 0x08, 0x08, 0x08, 0x03, 0x03, 0x05, 0x08, 0x05, 0x08, 0x08,
	0x08, 0x08, 0x08, 0x08, 0x08, 0x08, 0x08, 0x08, 0x08, 0x08, 0x08, 0x08,
	0x08, 0x08, 0x08, 0x08, 0x08, 0x08, 0x08, 0x08, 0x08, 0x08, 0x08, 0x08,
	0x08, 0x08, 0x04, 0x08, 0x04, 0x05, 0x08, 0x03, 0x08, 0x08, 0x08, 0x08,
	0x08, 0x08, 0x08, 0x08, 0x03, 0x08, 0x08, 0x08, 0x08, 0x08, 0x08, 0x08,
	0x08, 0x08, 0x08, 0x08, 0x08, 0x08, 0x08, 0x08, 0x08, 0x08, 0x05, 0x03,
	0x05, 0x08, 0x08, 0x08, 0x08, 0x03, 0x08, 0x05, 0x08, 0x08, 0x08, 0x05,
	0x0c, 0x08, 0x04, 0x08, 0x08, 0x08, 0x08, 0x08, 0x03, 0x03, 0x05, 0x05,
	0x08, 0x04, 0x07, 0x08, 0x08, 0x08, 0x04, 0x08, 0x08, 0x08, 0x08, 0x08,
	0x03, 0x08, 0x08, 0x08, 0x08, 0x03, 0x08, 0x08, 0x08, 0x04, 0x08, 0x08,
	0x08, 0x08, 0x08, 0x05, 0x08, 0x05, 0x05, 0x04, 0x08, 0x08, 0x05, 0x04,
	0x04, 0x05, 0x08, 0x08, 0x08, 0x08, 0x08, 0x08, 0x08, 0x08, 0x08, 0x08,
	0x08, 0x08, 0x08, 0x08, 0x08, 0x08, 0x08, 0x08, 0x08, 0x08, 0x08, 0x08,
	0x08, 0x08, 0x08, 0x08, 0x08, 0x08, 0x05, 0x08, 0x08, 0x08, 0x08, 0x08,
	0x08, 0x08, 0x08, 0x08, 0x08, 0x08, 0x08, 0x08, 0x08, 0x08, 0x08, 0x08,
	0x08, 0x08, 0x08, 0x04, 0x04, 0x05, 0x05, 0x08, 0x08, 0x08, 0x08, 0x08,
	0x08, 0x08, 0x05, 0x08, 0x08, 0x08, 0x08, 0x08, 0x08, 0x08, 0x08, 0x00,
	0x07, 0x00, 0x00, 0x00, 0x0f, 0x0e, 0x09, 0x09, 0x03, 0x06, 0x09, 0x09,
	0x09, 0x09, 0x03, 0x05, 0x05, 0x09, 0x09, 0x03, 0x06, 0x03, 0x09, 0x09,
	0x05, 0x09, 0x09, 0x09, 0x09, 0x09, 0x09, 0x09, 0x09, 0x03, 0x03, 0x06,
	0x09, 0x06, 0x09, 0x09, 0x09, 0x09, 0x09, 0x09, 0x09, 0x09, 0x09, 0x09,
	0x09, 0x09, 0x09, 0x09, 0x09, 0x09, 0x09, 0x09, 0x09, 0x09, 0x09, 0x09,
	0x09, 0x09, 0x09, 0x09, 0x09, 0x09, 0x05, 0x09, 0x05, 0x06, 0x09, 0x03,
	0x09, 0x09, 0x09, 0x09, 0x09, 0x09, 0x09, 0x09, 0x03, 0x09, 0x09, 0x09,
	0x09, 0x09, 0x09, 0x09, 0x09, 0x09, 0x09, 0x09, 0x09, 0x09, 0x09, 0x09,
	0x09, 0x09, 0x06, 0x03, 0x06, 0x09, 0x09, 0x09, 0x09, 0x03, 0x09, 0x06,
	0x09, 0x09, 0x09, 0x06, 0x0e, 0x09, 0x05, 0x09, 0x09, 0x09, 0x09, 0x09,
	0x03, 0x03, 0x06, 0x06, 0x09, 0x05, 0x08, 0x09, 0x09, 0x09, 0x05, 0x09,
	0x09, 0x09, 0x09, 0x09, 0x03, 0x09, 0x09, 0x09, 0x09, 0x03, 0x09, 0x09,
	0x09, 0x05, 0x09, 0x09, 0x09, 0x09, 0x09, 0x06, 0x09, 0x06, 0x06, 0x05,
	0x09, 0x09, 0x06, 0x05, 0x05, 0x06, 0x09, 0x09, 0x09, 0x09, 0x09, 0x09,
	0x09, 0x09, 0x09, 0x09, 0x09, 0x09, 0x09, 0x09, 0x09, 0x09, 0x09, 0x09,
	0x09, 0x09, 0x09, 0x09, 0x09, 0x09, 0x09, 0x09, 0x09, 0x09, 0x06, 0x09,
	0x09, 0x09, 0x09, 0x09, 0x09, 0x09, 0x09, 0x09, 0x09, 0x09, 0x09, 0x09,
	0x09, 0x09, 0x09, 0x09, 0x09, 0x09, 0x09, 0x05, 0x05, 0x06, 0x06, 0x09,
	0x09, 0x09, 0x09, 0x09, 0x09, 0x09, 0x06, 0x09, 0x09, 0x09, 0x09, 0x09,
	0x09, 0x09, 0x09, 0x00, 0x08, 0x00, 0x00, 0x00, 0x10, 0x0e, 0x0a, 0x0a,
	0x03, 0x06, 0x0a, 0x0a, 0x0a, 0x0a, 0x03, 0x05, 0x05, 0x0a, 0x0a, 0x03,
	0x06, 0x03, 0x0a, 0x0a, 0x05, 0x0a, 0x0a, 0x0a, 0x0a, 0x0a, 0x0a, 0x0a,
	0x0a, 0x03, 0x03, 0x06, 0x0a, 0x06, 0x0a, 0x0a, 0x0a, 0x0a, 0x0a, 0x0a,
	0x0a, 0x0a, 0x0a, 0x0a, 0x0a, 0x0a, 0x0a, 0x0a, 0x0a, 0x0a, 0x0a, 0x0a,
	0x0a, 0x0a, 0x0a, 0x0a, 0x0a, 0x0a, 0x0a, 0x0a, 0x0a, 0x0a, 0x05, 0x0a,
	0x05, 0x06, 0x0a, 0x03, 0x0a, 0x0a, 0x0a, 0x0a, 0x0a, 0x0a, 0x0a, 0x0a,
	0x03, 0x0a, 0x0a, 0x0a, 0x0a, 0x0a, 0x0a, 0x0a, 0x0a, 0x0a, 0x0a, 0x0a,
	0x0a, 0x0a, 0x0a, 0x0a, 0x0a, 0x0a, 0x06, 0x03, 0x06, 0x0a, 0x0a, 0x0a,
	0x0a, 0x03, 0x0a, 0x06, 0x0a, 0x0a, 0x0a, 0x06, 0x0e, 0x0a, 0x05, 0x0a,
	0x0a, 0x0a, 0x0a, 0x0a, 0x03, 0x03, 0x06, 0x06, 0x0a, 0x05, 0x08, 0x0a,
	0x0a, 0x0a, 0x05, 0x0a, 0x0a, 0x0a, 0x0a, 0x0a, 0x03, 0x0a, 0x0a, 0x0a,
	0x0a, 0x03, 0x0a, 0x0a, 0x0a, 0x05, 0x0a, 0x0a, 0x0a, 0x0a, 0x0a, 0x06,
	0x0a, 0x06, 0x06, 0x05, 0x0a, 0x0a, 0x06, 0x05, 0x05, 0x06, 0x0a, 0x0a,
	0x0a, 0x0a, 0x0a, 0x0a, 0x0a, 0x0a, 0x0a, 0x0a, 0x0a, 0x0a, 0x0a, 0x0a,
	0x0a, 0x0a, 0x0a, 0x0a, 0x0a, 0x0a, 0x0a, 0x0a, 0x0a, 0x0a, 0x0a, 0x0a,
	0x0a, 0x0a, 0x06, 0x0a, 0x0a, 0x0a, 0x0a, 0x0a, 0x0a, 0x0a, 0x0a, 0x0a,
	0x0a, 0x0a, 0x0a, 0x0a, 0x0a, 0x0a, 0x0a, 0x0a, 0x0a, 0x0a, 0x0a, 0x05,
	0x05, 0x06, 0x06, 0x0a, 0x0a, 0x0a, 0x0a, 0x0a, 0x0a, 0x0a, 0x06, 0x0a,
	0x0a, 0x0a, 0x0a, 0x0a, 0x0a, 0x0a, 0x0a, 0x00, 0x08, 0x00, 0x00, 0x00,
	0x11, 0x0f, 0x0a, 0x0a, 0x03, 0x07, 0x0a, 0x0a, 0x0a, 0x0a, 0x03, 0x05,
	0x05, 0x0a, 0x0a, 0x03, 0x07, 0x03, 0x0a, 0x0a, 0x05, 0x0a, 0x0a, 0x0a,
	0x0a, 0x0a, 0x0a, 0x0a, 0x0a, 0x03, 0x03, 0x07, 0x0a, 0x07, 0x0a, 0x0a,
	0x0a, 0x0a, 0x0a, 0x0a, 0x0a, 0x0a, 0x0a, 0x0a, 0x0a, 0x0a, 0x0a, 0x0a,
	0x0a, 0x0a, 0x0a, 0x0a, 0x0a, 0x0a, 0x0a, 0x0a, 0x0a, 0x0a, 0x0a, 0x0a,
	0x0a, 0x0a, 0x05, 0x0a, 0x05, 0x07, 0x0a, 0x03, 0x0a, 0x0a, 0x0a, 0x0a,
	0x0a, 0x0a, 0x0a, 0x0a, 0x03, 0x0a, 0x0a, 0x0a, 0x0a, 0x0a, 0x0a, 0x0a,
	0x0a, 0x0a, 0x0a, 0x0a, 0x0a, 0x0a, 0x0a, 0x0a, 0x0a, 0x0a, 0x07, 0x03,
	0x07, 0x0a, 0x0a, 0x0a, 0x0a, 0x03, 0x0a, 0x07, 0x0a, 0x0a, 0x0a, 0x07,
	0x0f, 0x0a, 0x05, 0x0a, 0x0a, 0x0a, 0x0a, 0x0a, 0x03, 0x03, 0x07, 0x07,
	0x0a, 0x05, 0x09, 0x0a, 0x0a, 0x0a, 0x05, 0x0a, 0x0a, 0x0a, 0x0a, 0x0a,
	0x03, 0x0a, 0x0a, 0x0a, 0x0a, 0x03, 0x0a, 0x0a, 0x0a, 0x05, 0x0a, 0x0a,
	0x0a, 0x0a, 0x0a, 0x07, 0x0a, 0x07, 0x07, 0x05, 0x0a, 0x0a, 0x07, 0x05,
	0x05, 0x07, 0x0a, 0x0a, 0x0a, 0x0a, 0x0a, 0x0a, 0x0a, 0x0a, 0x0a, 0x0a,
	0x0a, 0x0a, 0x0a, 0x0a, 0x0a, 0x0a, 0x0a, 0x0a, 0x0a, 0x0a, 0x0a, 0x0a,
	0x0a, 0x0a, 0x0a, 0x0a, 0x0a, 0x0a, 0x07, 0x0a, 0x0a, 0x0a, 0x0a, 0x0a,
	0x0a, 0x0a, 0x0a, 0x0a, 0x0a, 0x0a, 0x0a, 0x0a, 0x0a, 0x0a, 0x0a, 0x0a,
	0x0a, 0x0a, 0x0a, 0x05, 0x05, 0x07, 0x07, 0x0a, 0x0a, 0x0a, 0x0a, 0x0a,
	0x0a, 0x0a, 0x07, 0x0a, 0x0a, 0x0a, 0x0a, 0x0a, 0x0a, 0x0a, 0x0a, 0x00,
	0x09, 0x00, 0x00, 0x00, 0x13, 0x11, 0x0b, 0x0b, 0x04, 0x08, 0x0b, 0x0b,
	0x0b, 0x0b, 0x04, 0x06, 0x06, 0x0b, 0x0b, 0x04, 0x08, 0x04, 0x0b, 0x0b,
	0x06, 0x0b, 0x0b, 0x0b, 0x0b, 0x0b, 0x0b, 0x0b, 0x0b, 0x04, 0x04, 0x08,
	0x0b, 0x08, 0x0b, 0x0b, 0x0b, 0x0b, 0x0b, 0x0b, 0x0b, 0x0b, 0x0b, 0x0b,
	0x0b, 0x0b, 0x0b, 0x0b, 0x0b, 0x0b, 0x0b, 0x0b, 0x0b, 0x0b, 0x0b, 0x0b,
	0x0b, 0x0b, 0x0b, 0x0b, 0x0b, 0x0b, 0x06, 0x0b, 0x06, 0x08, 0x0b, 0x04,
	0x0b, 0x0b, 0x0b, 0x0b, 0x0b, 0x0b, 0x0b, 0x0b, 0x04, 0x0b, 0x0b, 0x0b,
	0x0b, 0x0b, 0x0b, 0x0b, 0x0b, 0x0b, 0x0b, 0x0b, 0x0b, 0x0b, 0x0b, 0x0b,
	0x0b, 0x0b, 0x08, 0x04, 0x08, 0x0b, 0x0b, 0x0b, 0x0b, 0x04, 0x0b, 0x08,
	0x0b, 0x0b, 0x0b, 0x08, 0x11, 0x0b, 0x06, 0x0b, 0x0b, 0x0b, 0x0b, 0x0b,
	0x04, 0x04, 0x08, 0x08, 0x0b, 0x06, 0x0a, 0x0b, 0x0b, 0x0b, 0x06, 0x0b,
	0x0b, 0x0b, 0x0b, 0x0b, 0x04, 0x0b, 0x0b, 0x0b, 0x0b, 0x04, 0x0b, 0x0b,
	0x0b, 0x06, 0x0b, 0x0b, 0x0b, 0x0b, 0x0b, 0x08, 0x0b, 0x08, 0x08, 0x06,
	0x0b, 0x0b, 0x08, 0x06, 0x06, 0x08, 0x0b, 0x0b, 0x0b, 0x0b, 0x0b, 0x0b,
	0x0b, 0x0b, 0x0b, 0x0b, 0x0b, 0x0b, 0x0b, 0x0b, 0x0b, 0x0b, 0x0b, 0x0b,
	0x0b, 0x0b, 0x0b, 0x0b, 0x0b, 0x0b, 0x0b, 0x0b, 0x0b, 0x0b, 0x08, 0x0b,
	0x0b, 0x0b, 0x0b, 0x0b, 0x0b, 0x0b, 0x0b, 0x0b, 0x0b, 0x0b, 0x0b, 0x0b,
	0x0b, 0x0b, 0x0b, 0x0b, 0x0b, 0x0b, 0x0b, 0x06, 0x06, 0x08, 0x08, 0x0b,
	0x0b, 0x0b, 0x0b, 0x0b, 0x0b, 0x0b, 0x08, 0x0b, 0x0b, 0x0b, 0x0b, 0x0b,
	0x0b, 0x0b, 0x0b, 0x00, 0x0a, 0x00, 0x00, 0x00, 0x15, 0x13, 0x0d, 0x0d,
	0x04, 0x08, 0x0d, 0x0d, 0x0d, 0x0d, 0x04, 0x06, 0x06, 0x0d, 0x0d, 0x04,
	0x08, 0x04, 0x0d, 0x0d, 0x06, 0x0d, 0x0d, 0x0d, 0x0d, 0x0d, 0x0d, 0x0d,
	0x0d, 0x04, 0x04, 0x08, 0x0d, 0x08, 0x0d, 0x0d, 0x0d, 0x0d, 0x0d, 0x0d,
	0x0d, 0x0d, 0x0d, 0x0d, 0x0d, 0x0d, 0x0d, 0x0d, 0x0d, 0x0d, 0x0d, 0x0d,
	0x0d, 0x0d, 0x0d, 0x0d, 0x0d, 0x0d, 0x0d, 0x0d, 0x0d, 0x0d, 0x06, 0x0d,
	0x06, 0x08, 0x0d, 0x04, 0x0d, 0x0d, 0x0d, 0x0d, 0x0d, 0x0d, 0x0d, 0x0d,
	0x04, 0x0d, 0x0d, 0x0d, 0x0d, 0x0d, 0x0d, 0x0d, 0x0d, 0x0d, 0x0d, 0x0d,
	0x0d, 0x0d, 0x0d, 0x0d, 0x0d, 0x0d, 0x08, 0x04, 0x08, 0x0d, 0x0d, 0x0d,
	0x0d, 0x04, 0x0d, 0x08, 0x0d, 0x0d, 0x0d, 0x08, 0x13, 0x0d, 0x06, 0x0d,
	0x0d, 0x0d, 0x0d, 0x0d, 0x04, 0x04, 0x08, 0x08, 0x0d, 0x06, 0x0b, 0x0d,
	0x0d, 0x0d, 0x06, 0x0d, 0x0d, 0x0d, 0x0d, 0x0d, 0x04, 0x0d, 0x0d, 0x0d,
	0x0d, 0x04, 0x0d, 0x0d, 0x0d, 0x06, 0x0d, 0x0d, 0x0d, 0x0d, 0x0d, 0x08,
	0x0d, 0x08, 0x08, 0x06, 0x0d, 0x0d, 0x08, 0x06, 0x06, 0x08, 0x0d, 0x0d,
	0x0d, 0x0d, 0x0d, 0x0d, 0x0d, 0x0d, 0x0d, 0x0d, 0x0d, 0x0d, 0x0d, 0x0d,
	0x0d, 0x0d, 0x0d, 0x0d, 0x0d, 0x0d, 0x0d, 0x0d, 0x0d, 0x0d, 0x0d, 0x0d,
	0x0d, 0x0d, 0x08, 0x0d, 0x0d, 0x0d, 0x0d, 0x0d, 0x0d, 0x0d, 0x0d, 0x0d,
	0x0d, 0x0d, 0x0d, 0x0d, 0x0d, 0x0d, 0x0d, 0x0d, 0x0d, 0x0d, 0x0d, 0x06,
	0x06, 0x08, 0x08, 0x0d, 0x0d, 0x0d, 0x0d, 0x0d, 0x0d, 0x0d, 0x08, 0x0d,
	0x0d, 0x0d, 0x0d, 0x0d, 0x0d, 0x0d, 0x0d, 0x00, 0x0b, 0x00, 0x00, 0x00,
	0x18, 0x16, 0x0e, 0x0e, 0x05, 0x0a, 0x0e, 0x0e, 0x0e, 0x0e, 0x05, 0x07,
	0x07, 0x0e, 0x0e, 0x05, 0x0a, 0x05, 0x0e, 0x0e, 0x07, 0x0e, 0x0e, 0x0e,
	0x0e, 0x0e, 0x0e, 0x0e, 0x0e, 0x05, 0x05, 0x0a, 0x0e, 0x0a, 0x0e, 0x0e,
	0x0e, 0x0e, 0x0e, 0x0e, 0x0e, 0x0e, 0x0e, 0x0e, 0x0e, 0x0e, 0x0e, 0x0e,
	0x0e, 0x0e, 0x0e, 0x0e, 0x0e, 0x0e, 0x0e, 0x0e, 0x0e, 0x0e, 0x0e, 0x0e,
	0x0e, 0x0e, 0x07, 0x0e, 0x07, 0x0a, 0x0e, 0x05, 0x0e, 0x0e, 0x0e, 0x0e,
	0x0e, 0x0e, 0x0e, 0x0e, 0x05, 0x0e, 0x0e, 0x0e, 0x0e, 0x0e, 0x0e, 0x0e,
	0x0e, 0x0e, 0x0e, 0x0e, 0x0e, 0x0e, 0x0e, 0x0e, 0x0e, 0x0e, 0x0a, 0x05,
	0x0a, 0x0e, 0x0e, 0x0e, 0x0e, 0x05, 0x0e, 0x0a, 0x0e, 0x0e, 0x0e, 0x0a,
	0x16, 0x0e, 0x07, 0x0e, 0x0e, 0x0e, 0x0e, 0x0e, 0x05, 0x05, 0x0a, 0x0a,
	0x0e, 0x07, 0x0c, 0x0e, 0x0e, 0x0e, 0x07, 0x0e, 0x0e, 0x0e, 0x0e, 0x0e,
	0x05, 0x0e, 0x0e, 0x0e, 0x0e, 0x05, 0x0e, 0x0e, 0x0e, 0x07, 0x0e, 0x0e,
	0x0e, 0x0e, 0x0e, 0x0a, 0x0e, 0x0a, 0x0a, 0x07, 0x0e, 0x0e, 0x0a, 0x07,
	0x07, 0x0a, 0x0e, 0x0e, 0x0e, 0x0e, 0x0e, 0x0e, 0x0e, 0x0e, 0x0e, 0x0e,
	0x0e, 0x0e, 0x0e, 0x0e, 0x0e, 0x0e, 0x0e, 0x0e, 0x0e, 0x0e, 0x0e, 0x0e,
	0x0e, 0x0e, 0x0e, 0x0e, 0x0e, 0x0e, 0x0a, 0x0e, 0x0e, 0x0e, 0x0e, 0x0e,
	0x0e, 0x0e, 0x0e, 0x0e, 0x0e, 0x0e, 0x0e, 0x0e, 0x0e, 0x0e, 0x0e, 0x0e,
	0x0e, 0x0e, 0x0e, 0x07, 0x07, 0x0a, 0x0a, 0x0e, 0x0e, 0x0e, 0x0e, 0x0e,
	0x0e, 0x0e, 0x0a, 0x0e, 0x0e, 0x0e, 0x0e, 0x0e, 0x0e, 0x0e, 0x0e, 0x00,
	0x0c, 0x00, 0x00, 0x00, 0x1b, 0x18, 0x10, 0x10, 0x05, 0x0b, 0x10, 0x10,
	0x10, 0x10, 0x05, 0x08, 0x08, 0x10, 0x10, 0x05, 0x0b, 0x05, 0x10, 0x10,
	0x08, 0x10, 0x10, 0x10, 0x10, 0x10, 0x10, 0x10, 0x10, 0x05, 0x05, 0x0b,
	0x10, 0x0b, 0x10, 0x10, 0x10, 0x10, 0x10, 0x10, 0x10, 0x10, 0x10, 0x10,
	0x10, 0x10, 0x10, 0x10, 0x10, 0x10, 0x10, 0x10, 0x10, 0x10, 0x10, 0x10,
	0x10, 0x10, 0x10, 0x10, 0x10, 0x10, 0x08, 0x10, 0x08, 0x0b, 0x10, 0x05,
	0x10, 0x10, 0x10, 0x10, 0x10, 0x10, 0x10, 0x10, 0x05, 0x10, 0x10, 0x10,
	0x10, 0x10, 0x10, 0x10, 0x10, 0x10, 0x10, 0x10, 0x10, 0x10, 0x10, 0x10,
	0x10, 0x10, 0x0b, 0x05, 0x0b, 0x10, 0x10, 0x10, 0x10, 0x05, 0x10, 0x0b,
	0x10, 0x10, 0x10, 0x0b, 0x18, 0x10, 0x08, 0x10, 0x10, 0x10, 0x10, 0x10,
	0x05, 0x05, 0x0b, 0x0b, 0x10, 0x08, 0x0e, 0x10, 0x10, 0x10, 0x08, 0x10,
	0x10, 0x10, 0x10, 0x10, 0x05, 0x10, 0x10, 0x10, 0x10, 0x05, 0x10, 0x10,
	0x10, 0x08, 0x10, 0x10, 0x10, 0x10, 0x10, 0x0b, 0x10, 0x0b, 0x0b, 0x08,
	0x10, 0x10, 0x0b, 0x08, 0x08, 0x0b, 0x10, 0x10, 0x10, 0x10, 0x10, 0x10,
	0x10, 0x10, 0x10, 0x10, 0x10, 0x10, 0x10, 0x10, 0x10, 0x10, 0x10, 0x10,
	0x10, 0x10, 0x10, 0x10, 0x10, 0x10, 0x10, 0x10, 0x10, 0x10, 0x0b, 0x10,
	0x10, 0x10, 0x10, 0x10, 0x10, 0x10, 0x10, 0x10, 0x10, 0x10, 0x10, 0x10,
	0x10, 0x10, 0x10, 0x10, 0x10, 0x10, 0x10, 0x08, 0x08, 0x0b, 0x0b, 0x10,
	0x10, 0x10, 0x10, 0x10, 0x10, 0x10, 0x0b, 0x10, 0x10, 0x10, 0x10, 0x10,
	0x10, 0x10, 0x10, 0x00, 0x0e, 0x00, 0x00, 0x00, 0x1d, 0x1a, 0x11, 0x11,
	0x06, 0x0c, 0x11, 0x11, 0x11, 0x11, 0x06, 0x09, 0x09, 0x11, 0x11, 0x06,
	0x0c, 0x06, 0x11, 0x11, 0x09, 0x11, 0x11, 0x11, 0x11, 0x11, 0x11, 0x11,
	0x11, 0x06, 0x06, 0x0c, 0x11, 0x0c, 0x11, 0x11, 0x11, 0x11, 0x11, 0x11,
	0x11, 0x11, 0x11, 0x11, 0x11, 0x11, 0x11, 0x11, 0x11, 0x11, 0x11, 0x11,
	0x11, 0x11, 0x11, 0x11, 0x11, 0x11, 0x11, 0x11, 0x11, 0x11, 0x09, 0x11,
	0x09, 0x0c, 0x11, 0x06, 0x11, 0x11, 0x11, 0x11, 0x11, 0x11, 0x11, 0x11,
	0x06, 0x11, 0x11, 0x11, 0x11, 0x11, 0x11, 0x11, 0x11, 0x11, 0x11, 0x11,
	0x11, 0x11, 0x11, 0x11, 0x11, 0x11, 0x0c, 0x06, 0x0c, 0x11, 0x11, 0x11,
	0x11, 0x06, 0x11, 0x0c, 0x11, 0x11, 0x11, 0x0c, 0x1a, 0x11, 0x09, 0x11,
	0x11, 0x11, 0x11, 0x11, 0x06, 0x06, 0x0c, 0x0c, 0x11, 0x09, 0x0f, 0x11,
	0x11, 0x11, 0x09, 0x11, 0x11, 0x11, 0x11, 0x11, 0x06, 0x11, 0x11, 0x11,
	0x11, 0x06, 0x11, 0x11, 0x11, 0x09, 0x11, 0x11, 0x11, 0x11, 0x11, 0x0c,
	0x11, 0x0c, 0x0c, 0x09, 0x11, 0x11, 0x0c, 0x09, 0x09, 0x0c, 0x11, 0x11,
	0x11, 0x11, 0x11, 0x11, 0x11, 0x11, 0x11, 0x11, 0x11, 0x11, 0x11, 0x11,
	0x11, 0x11, 0x11, 0x11, 0x11, 0x11, 0x11, 0x11, 0x11, 0x11, 0x11, 0x11,
	0x11, 0x11, 0x0c, 0x11, 0x11, 0x11, 0x11, 0x11, 0x11, 0x11, 0x11, 0x11,
	0x11, 0x11, 0x11, 0x11, 0x11, 0x11, 0x11, 0x11, 0x11, 0x11, 0x11, 0x09,
	0x09, 0x0c, 0x0c, 0x11, 0x11, 0x11, 0x11, 0x11, 0x11, 0x11, 0x0c, 0x11,
	0x11, 0x11, 0x11, 0x11, 0x11, 0x11, 0x11, 0x00, 0x0f, 0x00, 0x00, 0x00,
	0x20, 0x1d, 0x13, 0x13, 0x06, 0x0d, 0x13, 0x13, 0x13, 0x13, 0x06, 0x0a,
	0x0a, 0x13, 0x13, 0x06, 0x0d, 0x06, 0x13, 0x13, 0x0a, 0x13, 0x13, 0x13,
	0x13, 0x13, 0x13, 0x13, 0x13, 0x06, 0x06, 0x0d, 0x13, 0x0d, 0x13, 0x13,
	0x13, 0x13, 0x13, 0x13, 0x13, 0x13, 0x13, 0x13, 0x13, 0x13, 0x13, 0x13,
	0x13, 0x13, 0x13, 0x13, 0x13, 0x13, 0x13, 0x13, 0x13, 0x13, 0x13, 0x13,
	0x13, 0x13, 0x0a, 0x13, 0x0a, 0x0d, 0x13, 0x06, 0x13, 0x13, 0x13, 0x13,
	0x13, 0x13, 0x13, 0x13, 0x06, 0x13, 0x13, 0x13, 0x13, 0x13, 0x13, 0x13,
	0x13, 0x13, 0x13, 0x13, 0x13, 0x13, 0x13, 0x13, 0x13, 0x13, 0x0d, 0x06,
	0x0d, 0x13, 0x13, 0x13, 0x13, 0x06, 0x13, 0x0d, 0x13, 0x13, 0x13, 0x0d,
	0x1d, 0x13, 0x0a, 0x13, 0x13, 0x13, 0x13, 0x13, 0x06, 0x06, 0x0d, 0x0d,
	0x13, 0x0a, 0x10, 0x13, 0x13, 0x13, 0x0a, 0x13, 0x13, 0x13, 0x13, 0x13,
	0x06, 0x13, 0x13, 0x13, 0x13, 0x06, 0x13, 0x13, 0x13, 0x0a, 0x13, 0x13,
	0x13, 0x13, 0x13, 0x0d, 0x13, 0x0d, 0x0d, 0x0a, 0x13, 0x13, 0x0d, 0x0a,
	0x0a, 0x0d, 0x13, 0x13, 0x13, 0x13, 0x13, 0x13, 0x13, 0x13, 0x13, 0x13,
	0x13, 0x13, 0x13, 0x13, 0x13, 0x13, 0x13, 0x13, 0x13, 0x13, 0x13, 0x13,
	0x13, 0x13, 0x13, 0x13, 0x13, 0x13, 0x0d, 0x13, 0x13, 0x13, 0x13, 0x13,
	0x13, 0x13, 0x13, 0x13, 0x13, 0x13, 0x13, 0x13, 0x13, 0x13, 0x13, 0x13,
	0x13, 0x13, 0x13, 0x0a, 0x0a, 0x0d, 0x0d, 0x13, 0x13, 0x13, 0x13, 0x13,
	0x13, 0x13, 0x0d, 0x13, 0x13, 0x13, 0x13, 0x13, 0x13, 0x13, 0x13, 0x00,
	0x10, 0x00, 0x00, 0x00, 0x21, 0x1e, 0x14, 0x14, 0x07, 0x0d, 0x14, 0x14,
	0x14, 0x14, 0x07, 0x0a, 0x0a, 0x14, 0x14, 0x07, 0x0d, 0x07, 0x14, 0x14,
	0x0a, 0x14, 0x14, 0x14, 0x14, 0x14, 0x14, 0x14, 0x14, 0x07, 0x07, 0x0d,
	0x14, 0x0d, 0x14, 0x14, 0x14, 0x14, 0x14, 0x14, 0x14, 0x14, 0x14, 0x14,
	0x14, 0x14, 0x14, 0x14, 0x14, 0x14, 0x14, 0x14, 0x14, 0x14, 0x14, 0x14,
	0x14, 0x14, 0x14, 0x14, 0x14, 0x14, 0x0a, 0x14, 0x0a, 0x0d, 0x14, 0x07,
	0x14, 0x14, 0x14, 0x14, 0x14, 0x14, 0x14, 0x14, 0x07, 0x14, 0x14, 0x14,
	0x14, 0x14, 0x14, 0x14, 0x14, 0x14, 0x14, 0x14, 0x14, 0x14, 0x14, 0x14,
	0x14, 0x14, 0x0d, 0x07, 0x0d, 0x14, 0x14, 0x14, 0x14, 0x07, 0x14, 0x0d,
	0x14, 0x14, 0x14, 0x0d, 0x1e, 0x14, 0x0a, 0x14, 0x14, 0x14, 0x14, 0x14,
	0x07, 0x07, 0x0d, 0x0d, 0x14, 0x0a, 0x11, 0x14, 0x14, 0x14, 0x0a, 0x14,
	0x14, 0x14, 0x14, 0x14, 0x07, 0x14, 0x14, 0x14, 0x14, 0x07, 0x14, 0x14,
	0x14, 0x0a, 0x14, 0x14, 0x14, 0x14, 0x14, 0x0d, 0x14, 0x0d, 0x0d, 0x0a,
	0x14, 0x14, 0x0d, 0x0a, 0x0a, 0x0d, 0x14, 0x14, 0x14, 0x14, 0x14, 0x14,
	0x14, 0x14, 0x14, 0x14, 0x14, 0x14, 0x14, 0x14, 0x14, 0x14, 0x14, 0x14,
	0x14, 0x14, 0x14, 0x14, 0x14, 0x14, 0x14, 0x14, 0x14, 0x14, 0x0d, 0x14,
	0x14, 0x14, 0x14, 0x14, 0x14, 0x14, 0x14, 0x14, 0x14, 0x14, 0x14, 0x14,
	0x14, 0x14, 0x14, 0x14, 0x14, 0x14, 0x14, 0x0a, 0x0a, 0x0d, 0x0d, 0x14,
	0x14, 0x14, 0x14, 0x14, 0x14, 0x14, 0x0d, 0x14, 0x14, 0x14, 0x14, 0x14,
	0x14, 0x14, 0x14, 0x00, 0x11, 0x00, 0x00, 0x00, 0x25, 0x21, 0x16, 0x16,
	0x07, 0x0f, 0x16, 0x16, 0x16, 0x16, 0x07, 0x0b, 0x0b, 0x16, 0x16, 0x07,
	0x0f, 0x07, 0x16, 0x16, 0x0b, 0x16, 0x16, 0x16, 0x16, 0x16, 0x16, 0x16,
	0x16, 0x07, 0x07, 0x0f, 0x16, 0x0f, 0x16, 0x16, 0x16, 0x16, 0x16, 0x16,
	0x16, 0x16, 0x16, 0x16, 0x16, 0x16, 0x16, 0x16, 0x16, 0x16, 0x16, 0x16,
	0x16, 0x16, 0x16, 0x16, 0x16, 0x16, 0x16, 0x16, 0x16, 0x16, 0x0b, 0x16,
	0x0b, 0x0f, 0x16, 0x07, 0x16, 0x16, 0x16, 0x16, 0x16, 0x16, 0x16, 0x16,
	0x07, 0x16, 0x16, 0x16, 0x16, 0x16, 0x16, 0x16, 0x16, 0x16, 0x16, 0x16,
	0x16, 0x16, 0x16, 0x16, 0x16, 0x16, 0x0f, 0x07, 0x0f, 0x16, 0x16, 0x16,
	0x16, 0x07, 0x16, 0x0f, 0x16, 0x16, 0x16, 0x0f, 0x21, 0x16, 0x0b, 0x16,
	0x16, 0x16, 0x16, 0x16, 0x07, 0x07, 0x0f, 0x0f, 0x16, 0x0b, 0x13, 0x16,
	0x16, 0x16, 0x0b, 0x16, 0x16, 0x16, 0x16, 0x16, 0x07, 0x16, 0x16, 0x16,
	0x16, 0x07, 0x16, 0x16, 0x16, 0x0b, 0x16, 0x16, 0x16, 0x16, 0x16, 0x0f,
	0x16, 0x0f, 0x0f, 0x0b, 0x16, 0x16, 0x0f, 0x0b, 0x0b, 0x0f, 0x16, 0x16,
	0x16, 0x16, 0x16, 0x16, 0x16, 0x16, 0x16, 0x16, 0x16, 0x16, 0x16, 0x16,
	0x16, 0x16, 0x16, 0x16, 0x16, 0x16, 0x16, 0x16, 0x16, 0x16, 0x16, 0x16,
	0x16, 0x16, 0x0f, 0x16, 0x16, 0x16, 0x16, 0x16, 0x16, 0x16, 0x16, 0x16,
	0x16, 0x16, 0x16, 0x16, 0x16, 0x16, 0x16, 0x16, 0x16, 0x16, 0x16, 0x0b,
	0x0b, 0x0f, 0x0f, 0x16, 0x16, 0x16, 0x16, 0x16, 0x16, 0x16, 0x0f, 0x16,
	0x16, 0x16, 0x16, 0x16, 0x16, 0x16, 0x16, 0x00, 0x13, 0x00, 0x00, 0x00,
	0x2a, 0x26, 0x19, 0x19, 0x08, 0x11, 0x19, 0x19, 0x19, 0x19, 0x08, 0x0d,
	0x0d, 0x19, 0x19, 0x08, 0x11, 0x08, 0x19, 0x19, 0x0d, 0x19, 0x19, 0x19,
	0x19, 0x19, 0x19, 0x19, 0x19, 0x08, 0x08, 0x11, 0x19, 0x11, 0x19, 0x19,
	0x19, 0x19, 0x19, 0x19, 0x19, 0x19, 0x19, 0x19, 0x19, 0x19, 0x19, 0x19,
	0x19, 0x19, 0x19, 0x19, 0x19, 0x19, 0x19, 0x19, 0x19, 0x19, 0x19, 0x19,
	0x19, 0x19, 0x0d, 0x19, 0x0d, 0x11, 0x19, 0x08, 0x19, 0x19, 0x19, 0x19,
	0x19, 0x19, 0x19, 0x19, 0x08, 0x19, 0x19, 0x19, 0x19, 0x19, 0x19, 0x19,
	0x19, 0x19, 0x19, 0x19, 0x19, 0x19, 0x19, 0x19, 0x19, 0x19, 0x11, 0x08,
	0x11, 0x19, 0x19, 0x19, 0x19, 0x08, 0x19, 0x11, 0x19, 0x19, 0x19, 0x11,
	0x26, 0x19, 0x0d, 0x19, 0x19, 0x19, 0x19, 0x19, 0x08, 0x08, 0x11, 0x11,
	0x19, 0x0d, 0x15, 0x19, 0x19, 0x19, 0x0d, 0x19, 0x19, 0x19, 0x19, 0x19,
	0x08, 0x19, 0x19, 0x19, 0x19, 0x08, 0x19, 0x19, 0x19, 0x0d, 0x19, 0x19,
	0x19, 0x19, 0x19, 0x11, 0x19, 0x11, 0x11, 0x0d, 0x19, 0x19, 0x11, 0x0d,
	0x0d, 0x11, 0x19, 0x19, 0x19, 0x19, 0x19, 0x19, 0x19, 0x19, 0x19, 0x19,
	0x19, 0x19, 0x19, 0x19, 0x19, 0x19, 0x19, 0x19, 0x19, 0x19, 0x19, 0x19,
	0x19, 0x19, 0x19, 0x19, 0x19, 0x19, 0x11, 0x19, 0x19, 0x19, 0x19, 0x19,
	0x19, 0x19, 0x19, 0x19, 0x19, 0x19, 0x19, 0x19, 0x19, 0x19, 0x19, 0x19,
	0x19, 0x19, 0x19, 0x0d, 0x0d, 0x11, 0x11, 0x19, 0x19, 0x19, 0x19, 0x19,
	0x19, 0x19, 0x11, 0x19, 0x19, 0x19, 0x19, 0x19, 0x19, 0x19, 0x19, 0x00,
	0x15, 0x00, 0x00, 0x00, 0x2e, 0x29, 0x1c, 0x1c, 0x09, 0x12, 0x1c, 0x1c,
	0x1c, 0x1c, 0x09, 0x0e, 0x0e, 0x1c, 0x1c, 0x09, 0x12, 0x09, 0x1c, 0x1c,
	0x0e, 0x1c, 0x1c, 0x1c, 0x1c, 0x1c, 0x1c, 0x1c, 0x1c, 0x09, 0x09, 0x12,
	0x1c, 0x12, 0x1c, 0x1c, 0x1c, 0x1c, 0x1c, 0x1c, 0x1c, 0x1c, 0x1c, 0x1c,
	0x1c, 0x1c, 0x1c, 0x1c, 0x1c, 0x1c, 0x1c, 0x1c, 0x1c, 0x1c, 0x1c, 0x1c,
	0x1c, 0x1c, 0x1c, 0x1c, 0x1c, 0x1c, 0x0e, 0x1c, 0x0e, 0x12, 0x1c, 0x09,
	0x1c, 0x1c, 0x1c, 0x1c, 0x1c, 0x1c, 0x1c, 0x1c, 0x09, 0x1c, 0x1c, 0x1c,
	0x1c, 0x1c, 0x1c, 0x1c, 0x1c, 0x1c, 0x1c, 0x1c, 0x1c, 0x1c, 0x1c, 0x1c,
	0x1c, 0x1c, 0x12, 0x09, 0x12, 0x1c, 0x1c, 0x1c, 0x1c, 0x09, 0x1c, 0x12,
	0x1c, 0x1c, 0x1c, 0x12, 0x29, 0x1c, 0x0e, 0x1c, 0x1c, 0x1c, 0x1c, 0x1c,
	0x09, 0x09, 0x12, 0x12, 0x1c, 0x0e, 0x17, 0x1c, 0x1c, 0x1c, 0x0e, 0x1c,
	0x1c, 0x1c, 0x1c, 0x1c, 0x09, 0x1c, 0x1c, 0x1c, 0x1c, 0x09, 0x1c, 0x1c,
	0x1c, 0x0e, 0x1c, 0x1c, 0x1c, 0x1c, 0x1c, 0x12, 0x1c, 0x12, 0x12, 0x0e,
	0x1c, 0x1c, 0x12, 0x0e, 0x0e, 0x12, 0x1c, 0x1c, 0x1c, 0x1c, 0x1c, 0x1c,
	0x1c, 0x1c, 0x1c, 0x1c, 0x1c, 0x1c, 0x1c, 0x1c, 0x1c, 0x1c, 0x1c, 0x1c,
	0x1c, 0x1c, 0x1c, 0x1c, 0x1c, 0x1c, 0x1c, 0x1c, 0x1c, 0x1c, 0x12, 0x1c,
	0x1c, 0x1c, 0x1c, 0x1c, 0x1c, 0x1c, 0x1c, 0x1c, 0x1c, 0x1c, 0x1c, 0x1c,
	0x1c, 0x1c, 0x1c, 0x1c, 0x1c, 0x1c, 0x1c, 0x0e, 0x0e, 0x12, 0x12, 0x1c,
	0x1c, 0x1c, 0x1c, 0x1c, 0x1c, 0x1c, 0x12, 0x1c, 0x1c, 0x1c, 0x1c, 0x1c,
	0x1c, 0x1c, 0x1c, 0x00, 0x17, 0x00, 0x00, 0x00, 0x32, 0x2d, 0x1e, 0x1e,
	0x0a, 0x14, 0x1e, 0x1e, 0x1e, 0x1e, 0x0a, 0x0f, 0x0f, 0x1e, 0x1e, 0x0a,
	0x14, 0x0a, 0x1e, 0x1e, 0x0f, 0x1e, 0x1e, 0x1e, 0x1e, 0x1e, 0x1e, 0x1e,
	0x1e, 0x0a, 0x0a, 0x14, 0x1e, 0x14, 0x1e, 0x1e, 0x1e, 0x1e, 0x1e, 0x1e,
	0x1e, 0x1e, 0x1e, 0x1e, 0x1e, 0x1e, 0x1e, 0x1e, 0x1e, 0x1e, 0x1e, 0x1e,
	0x1e, 0x1e, 0x1e, 0x1e, 0x1e, 0x1e, 0x1e, 0x1e, 0x1e, 0x1e, 0x0f, 0x1e,
	0x0f, 0x14, 0x1e, 0x0a, 0x1e, 0x1e, 0x1e, 0x1e, 0x1e, 0x1e, 0x1e, 0x1e,
	0x0a, 0x1e, 0x1e, 0x1e, 0x1e, 0x1e, 0x1e, 0x1e, 0x1e, 0x1e, 0x1e, 0x1e,
	0x1e, 0x1e, 0x1e, 0x1e, 0x1e, 0x1e, 0x14, 0x0a, 0x14, 0x1e, 0x1e, 0x1e,
	0x1e, 0x0a, 0x1e, 0x14, 0x1e, 0x1e, 0x1e, 0x14, 0x2d, 0x1e, 0x0f, 0x1e,
	0x1e, 0x1e, 0x1e, 0x1e, 0x0a, 0x0a, 0x14, 0x14, 0x1e, 0x0f, 0x19, 0x1e,
	0x1e, 0x1e, 0x0f, 0x1e, 0x1e, 0x1e, 0x1e, 0x1e, 0x0a, 0x1e, 0x1e, 0x1e,
	0x1e, 0x0a, 0x1e, 0x1e, 0x1e, 0x0f, 0x1e, 0x1e, 0x1e, 0x1e, 0x1e, 0x14,
	0x1e, 0x14, 0x14, 0x0f, 0x1e, 0x1e, 0x14, 0x0f, 0x0f, 0x14, 0x1e, 0x1e,
	0x1e, 0x1e, 0x1e, 0x1e, 0x1e, 0x1e, 0x1e, 0x1e, 0x1e, 0x1e, 0x1e, 0x1e,
	0x1e, 0x1e, 0x1e, 0x1e, 0x1e, 0x1e, 0x1e, 0x1e, 0x1e, 0x1e, 0x1e, 0x1e,
	0x1e, 0x1e, 0x14, 0x1e, 0x1e, 0x1e, 0x1e, 0x1e, 0x1e, 0x1e, 0x1e, 0x1e,
	0x1e, 0x1e, 0x1e, 0x1e, 0x1e, 0x1e, 0x1e, 0x1e, 0x1e, 0x1e, 0x1e, 0x0f,
	0x0f, 0x14, 0x14, 0x1e, 0x1e, 0x1e, 0x1e, 0x1e, 0x1e, 0x1e, 0x14, 0x1e,
	0x1e, 0x1e, 0x1e, 0x1e, 0x1e, 0x1e, 0x1e, 0x00, 0x19, 0x00, 0x00, 0x00,
	0x36, 0x31, 0x20, 0x20, 0x0b, 0x16, 0x20, 0x20, 0x20, 0x20, 0x0b, 0x10,
	0x10, 0x20, 0x20, 0x0b, 0x16, 0x0b, 0x20, 0x20, 0x10, 0x20, 0x20, 0x20,
	0x20, 0x20, 0x20, 0x20, 0x20, 0x0b, 0x0b, 0x16, 0x20, 0x16, 0x20, 0x20,
	0x20, 0x20, 0x20, 0x20, 0x20, 0x20, 0x20, 0x20, 0x20, 0x20, 0x20, 0x20,
	0x20, 0x20, 0x20, 0x20, 0x20, 0x20, 0x20, 0x20, 0x20, 0x20, 0x20, 0x20,
	0x20, 0x20, 0x10, 0x20, 0x10, 0x16, 0x20, 0x0b, 0x20, 0x20, 0x20, 0x20,
	0x20, 0x20, 0x20, 0x20, 0x0b, 0x20, 0x20, 0x20, 0x20, 0x20, 0x20, 0x20,
	0x20, 0x20, 0x20, 0x20, 0x20, 0x20, 0x20, 0x20, 0x20, 0x20, 0x16, 0x0b,
	0x16, 0x20, 0x20, 0x20, 0x20, 0x0b, 0x20, 0x16, 0x20, 0x20, 0x20, 0x16,
	0x31, 0x20, 0x10, 0x20, 0x20, 0x20, 0x20, 0x20, 0x0b, 0x0b, 0x16, 0x16,
	0x20, 0x10, 0x1b, 0x20, 0x20, 0x20, 0x10, 0x20, 0x20, 0x20, 0x20, 0x20,
	0x0b, 0x20, 0x20, 0x20, 0x20, 0x0b, 0x20, 0x20, 0x20, 0x10, 0x20, 0x20,
	0x20, 0x20, 0x20, 0x16, 0x20, 0x16, 0x16, 0x10, 0x20, 0x20, 0x16, 0x10,
	0x10, 0x16, 0x20, 0x20, 0x20, 0x20, 0x20, 0x20, 0x20, 0x20, 0x20, 0x20,
	0x20, 0x20, 0x20, 0x20, 0x20, 0x20, 0x20, 0x20, 0x20, 0x20, 0x20, 0x20,
	0x20, 0x20, 0x20, 0x20, 0x20, 0x20, 0x16, 0x20, 0x20, 0x20, 0x20, 0x20,
	0x20, 0x20, 0x20, 0x20, 0x20, 0x20, 0x20, 0x20, 0x20, 0x20, 0x20, 0x20,
	0x20, 0x20, 0x20, 0x10, 0x10, 0x16, 0x16, 0x20, 0x20, 0x20, 0x20, 0x20,
	0x20, 0x20, 0x16, 0x20, 0x20, 0x20, 0x20, 0x20, 0x20, 0x20, 0x20, 0x00,
	0x1b, 0x00, 0x00, 0x00, 0x3a, 0x34, 0x23, 0x23, 0x0c, 0x17, 0x23, 0x23,
	0x23, 0x23, 0x0c, 0x11, 0x11, 0x23, 0x23, 0x0c, 0x17, 0x0c, 0x23, 0x23,
	0x11, 0x23, 0x23, 0x23, 0x23, 0x23, 0x23, 0x23, 0x23, 0x0c, 0x0c, 0x17,
	0x23, 0x17, 0x23, 0x23, 0x23, 0x23, 0x23, 0x23, 0x23, 0x23, 0x23, 0x23,
	0x23, 0x23, 0x23, 0x23, 0x23, 0x23, 0x23, 0x23, 0x23, 0x23, 0x23, 0x23,
	0x23, 0x23, 0x23, 0x23, 0x23, 0x23, 0x11, 0x23, 0x11, 0x17, 0x23, 0x0c,
	0x23, 0x23, 0x23, 0x23, 0x23, 0x23, 0x23, 0x23, 0x0c, 0x23, 0x23, 0x23,
	0x23, 0x23, 0x23, 0x23, 0x23, 0x23, 0x23, 0x23, 0x23, 0x23, 0x23, 0x23,
	0x23, 0x23, 0x17, 0x0c, 0x17, 0x23, 0x23, 0x23, 0x23, 0x0c, 0x23, 0x17,
	0x23, 0x23, 0x23, 0x17, 0x34, 0x23, 0x11, 0x23, 0x23, 0x23, 0x23, 0x23,
	0x0c, 0x0c, 0x17, 0x17, 0x23, 0x11, 0x1d, 0x23, 0x23, 0x23, 0x11, 0x23,
	0x23, 0x23, 0x23, 0x23, 0x0c, 0x23, 0x23, 0x23, 0x23, 0x0c, 0x23, 0x23,
	0x23, 0x11, 0x23, 0x23, 0x23, 0x23, 0x23, 0x17, 0x23, 0x17, 0x17, 0x11,
	0x23, 0x23, 0x17, 0x11, 0x11, 0x17, 0x23, 0x23, 0x23, 0x23, 0x23, 0x23,
	0x23, 0x23, 0x23, 0x23, 0x23, 0x23, 0x23, 0x23, 0x23, 0x23, 0x23, 0x23,
	0x23, 0x23, 0x23, 0x23, 0x23, 0x23, 0x23, 0x23, 0x23, 0x23, 0x17, 0x23,
	0x23, 0x23, 0x23, 0x23, 0x23, 0x23, 0x23, 0x23, 0x23, 0x23, 0x23, 0x23,
	0x23, 0x23, 0x23, 0x23, 0x23, 0x23, 0x23, 0x11, 0x11, 0x17, 0x17, 0x23,
	0x23, 0x23, 0x23, 0x23, 0x23, 0x23, 0x17, 0x23, 0x23, 0x23, 0x23, 0x23,
	0x23, 0x23, 0x23, 0x00, 0x1d, 0x00, 0x00, 0x00, 0x43, 0x3c, 0x28, 0x28,
	0x0d, 0x1b, 0x28, 0x28, 0x28, 0x28, 0x0d, 0x14, 0x14, 0x28, 0x28, 0x0d,
	0x1b, 0x0d, 0x28, 0x28, 0x14, 0x28, 0x28, 0x28, 0x28, 0x28, 0x28, 0x28,
	0x28, 0x0d, 0x0d, 0x1b, 0x28, 0x1b, 0x28, 0x28, 0x28, 0x28, 0x28, 0x28,
	0x28, 0x28, 0x28, 0x28, 0x28, 0x28, 0x28, 0x28, 0x28, 0x28, 0x28, 0x28,
	0x28, 0x28, 0x28, 0x28, 0x28, 0x28, 0x28, 0x28, 0x28, 0x28, 0x14, 0x28,
	0x14, 0x1b, 0x28, 0x0d, 0x28, 0x28, 0x28, 0x28, 0x28, 0x28, 0x28, 0x28,
	0x0d, 0x28, 0x28, 0x28, 0x28, 0x28, 0x28, 0x28, 0x28, 0x28, 0x28, 0x28,
	0x28, 0x28, 0x28, 0x28, 0x28, 0x28, 0x1b, 0x0d, 0x1b, 0x28, 0x28, 0x28,
	0x28, 0x0d, 0x28, 0x1b, 0x28, 0x28, 0x28, 0x1b, 0x3c, 0x28, 0x14, 0x28,
	0x28, 0x28, 0x28, 0x28, 0x0d, 0x0d, 0x1b, 0x1b, 0x28, 0x14, 0x22, 0x28,
	0x28, 0x28, 0x14, 0x28, 0x28, 0x28, 0x28, 0x28, 0x0d, 0x28, 0x28, 0x28,
	0x28, 0x0d, 0x28, 0x28, 0x28, 0x14, 0x28, 0x28, 0x28, 0x28, 0x28, 0x1b,
	0x28, 0x1b, 0x1b, 0x14, 0x28, 0x28, 0x1b, 0x14, 0x14, 0x1b, 0x28, 0x28,
	0x28, 0x28, 0x28, 0x28, 0x28, 0x28, 0x28, 0x28, 0x28, 0x28, 0x28, 0x28,
	0x28, 0x28, 0x28, 0x28, 0x28, 0x28, 0x28, 0x28, 0x28, 0x28, 0x28, 0x28,
	0x28, 0x28, 0x1b, 0x28, 0x28, 0x28, 0x28, 0x28, 0x28, 0x28, 0x28, 0x28,
	0x28, 0x28, 0x28, 0x28, 0x28, 0x28, 0x28, 0x28, 0x28, 0x28, 0x28, 0x14,
	0x14, 0x1b, 0x1b, 0x28, 0x28, 0x28, 0x28, 0x28, 0x28, 0x28, 0x1b, 0x28,
	0x28, 0x28, 0x28, 0x28, 0x28, 0x28, 0x28, 0x00, 0x22, 0x00, 0x00, 0x00,
	0x4b, 0x44, 0x2d, 0x2d, 0x0f, 0x1e, 0x2d, 0x2d, 0x2d, 0x2d, 0x0f, 0x17,
	0x17, 0x2d, 0x2d, 0x0f, 0x1e, 0x0f, 0x2d, 0x2d, 0x17, 0x2d, 0x2d, 0x2d,
	0x2d, 0x2d, 0x2d, 0x2d, 0x2d, 0x0f, 0x0f, 0x1e, 0x2d, 0x1e, 0x2d, 0x2d,
	0x2d, 0x2d, 0x2d, 0x2d, 0x2d, 0x2d, 0x2d, 0x2d, 0x2d, 0x2d, 0x2d, 0x2d,
	0x2d, 0x2d, 0x2d, 0x2d, 0x2d, 0x2d, 0x2d, 0x2d, 0x2d, 0x2d, 0x2d, 0x2d,
	0x2d, 0x2d, 0x17, 0x2d, 0x17, 0x1e, 0x2d, 0x0f, 0x2d, 0x2d, 0x2d, 0x2d,
	0x2d, 0x2d, 0x2d, 0x2d, 0x0f, 0x2d, 0x2d, 0x2d, 0x2d, 0x2d, 0x2d, 0x2d,
	0x2d, 0x2d, 0x2d, 0x2d, 0x2d, 0x2d, 0x2d, 0x2d, 0x2d, 0x2d, 0x1e, 0x0f,
	0x1e, 0x2d, 0x2d, 0x2d, 0x2d, 0x0f, 0x2d, 0x1e, 0x2d, 0x2d, 0x2d, 0x1e,
	0x44, 0x2d, 0x17, 0x2d, 0x2d, 0x2d, 0x2d, 0x2d, 0x0f, 0x0f, 0x1e, 0x1e,
	0x2d, 0x17, 0x26, 0x2d, 0x2d, 0x2d, 0x17, 0x2d, 0x2d, 0x2d, 0x2d, 0x2d,
	0x0f, 0x2d, 0x2d, 0x2d, 0x2d, 0x0f, 0x2d, 0x2d, 0x2d, 0x17, 0x2d, 0x2d,
	0x2d, 0x2d, 0x2d, 0x1e, 0x2d, 0x1e, 0x1e, 0x17, 0x2d, 0x2d, 0x1e, 0x17,
	0x17, 0x1e, 0x2d, 0x2d, 0x2d, 0x2d, 0x2d, 0x2d, 0x2d, 0x2d, 0x2d, 0x2d,
	0x2d, 0x2d, 0x2d, 0x2d, 0x2d, 0x2d, 0x2d, 0x2d, 0x2d, 0x2d, 0x2d, 0x2d,
	0x2d, 0x2d, 0x2d, 0x2d, 0x2d, 0x2d, 0x1e, 0x2d, 0x2d, 0x2d, 0x2d, 0x2d,
	0x2d, 0x2d, 0x2d, 0x2d, 0x2d, 0x2d, 0x2d, 0x2d, 0x2d, 0x2d, 0x2d, 0x2d,
	0x2d, 0x2d, 0x2d, 0x17, 0x17, 0x1e, 0x1e, 0x2d, 0x2d, 0x2d, 0x2d, 0x2d,
	0x2d, 0x2d, 0x1e, 0x2d, 0x2d, 0x2d, 0x2d, 0x2d, 0x2d, 0x2d, 0x2d, 0x00,
	0x26, 0x00, 0x00, 0x00, 0x53, 0x4b, 0x32, 0x32, 0x11, 0x21, 0x32, 0x32,
	0x32, 0x32, 0x11, 0x19, 0x19, 0x32, 0x32, 0x11, 0x21, 0x11, 0x32, 0x32,
	0x19, 0x32, 0x32, 0x32, 0x32, 0x32, 0x32, 0x32, 0x32, 0x11, 0x11, 0x21,
	0x32, 0x21, 0x32, 0x32, 0x32, 0x32, 0x32, 0x32, 0x32, 0x32, 0x32, 0x32,
	0x32, 0x32, 0x32, 0x32, 0x32, 0x32, 0x32, 0x32, 0x32, 0x32, 0x32, 0x32,
	0x32, 0x32, 0x32, 0x32, 0x32, 0x32, 0x19, 0x32, 0x19, 0x21, 0x32, 0x11,
	0x32, 0x32, 0x32, 0x32, 0x32, 0x32, 0x32, 0x32, 0x11, 0x32, 0x32, 0x32,
	0x32, 0x32, 0x32, 0x32, 0x32, 0x32, 0x32, 0x32, 0x32, 0x32, 0x32, 0x32,
	0x32, 0x32, 0x21, 0x11, 0x21, 0x32, 0x32, 0x32, 0x32, 0x11, 0x32, 0x21,
	0x32, 0x32, 0x32, 0x21, 0x4b, 0x32, 0x19, 0x32, 0x32, 0x32, 0x32, 0x32,
	0x11, 0x11, 0x21, 0x21, 0x32, 0x19, 0x2a, 0x32, 0x32, 0x32, 0x19, 0x32,
	0x32, 0x32, 0x32, 0x32, 0x11, 0x32, 0x32, 0x32, 0x32, 0x11, 0x32, 0x32,
	0x32, 0x19, 0x32, 0x32, 0x32, 0x32, 0x32, 0x21, 0x32, 0x21, 0x21, 0x19,
	0x32, 0x32, 0x21, 0x19, 0x19, 0x21, 0x32, 0x32, 0x32, 0x32, 0x32, 0x32,
	0x32, 0x32, 0x32, 0x32, 0x32, 0x32, 0x32, 0x32, 0x32, 0x32, 0x32, 0x32,
	0x32, 0x32, 0x32, 0x32, 0x32, 0x32, 0x32, 0x32, 0x32, 0x32, 0x21, 0x32,
	0x32, 0x32, 0x32, 0x32, 0x32, 0x32, 0x32, 0x32, 0x32, 0x32, 0x32, 0x32,
	0x32, 0x32, 0x32, 0x32, 0x32, 0x32, 0x32, 0x19, 0x19, 0x21, 0x21, 0x32,
	0x32, 0x32, 0x32, 0x32, 0x32, 0x32, 0x21, 0x32, 0x32, 0x32, 0x32, 0x32,
	0x32, 0x32, 0x32, 0x00, 0x2a, 0x00, 0x00, 0x00, 0x5c, 0x53, 0x37, 0x37,
	0x12, 0x25, 0x37, 0x37, 0x37, 0x37, 0x12, 0x1c, 0x1c, 0x37, 0x37, 0x12,
	0x25, 0x12, 0x37, 0x37, 0x1c, 0x37, 0x37, 0x37, 0x37, 0x37, 0x37, 0x37,
	0x37, 0x12, 0x12, 0x25, 0x37, 0x25, 0x37, 0x37, 0x37, 0x37, 0x37, 0x37,
	0x37, 0x37, 0x37, 0x37, 0x37, 0x37, 0x37, 0x37, 0x37, 0x37, 0x37, 0x37,
	0x37, 0x37, 0x37, 0x37, 0x37, 0x37, 0x37, 0x37, 0x37, 0x37, 0x1c, 0x37,
	0x1c, 0x25, 0x37, 0x12, 0x37, 0x37, 0x37, 0x37, 0x37, 0x37, 0x37, 0x37,
	0x12, 0x37, 0x37, 0x37, 0x37, 0x37, 0x37, 0x37, 0x37, 0x37, 0x37, 0x37,
	0x37, 0x37, 0x37, 0x37, 0x37, 0x37, 0x25, 0x12, 0x25, 0x37, 0x37, 0x37,
	0x37, 0x12, 0x37, 0x25, 0x37, 0x37, 0x37, 0x25, 0x53, 0x37, 0x1c, 0x37,
	0x37, 0x37, 0x37, 0x37, 0x12, 0x12, 0x25, 0x25, 0x37, 0x1c, 0x2e, 0x37,
	0x37, 0x37, 0x1c, 0x37, 0x37, 0x37, 0x37, 0x37, 0x12, 0x37, 0x37, 0x37,
	0x37, 0x12, 0x37, 0x37, 0x37, 0x1c, 0x37, 0x37, 0x37, 0x37, 0x37, 0x25,
	0x37, 0x25, 0x25, 0x1c, 0x37, 0x37, 0x25, 0x1c, 0x1c, 0x25, 0x37, 0x37,
	0x37, 0x37, 0x37, 0x37, 0x37, 0x37, 0x37, 0x37, 0x37, 0x37, 0x37, 0x37,
	0x37, 0x37, 0x37, 0x37, 0x37, 0x37, 0x37, 0x37, 0x37, 0x37, 0x37, 0x37,
	0x37, 0x37, 0x25, 0x37, 0x37, 0x37, 0x37, 0x37, 0x37, 0x37, 0x37, 0x37,
	0x37, 0x37, 0x37, 0x37, 0x37, 0x37, 0x37, 0x37, 0x37, 0x37, 0x37, 0x1c,
	0x1c, 0x25, 0x25, 0x37, 0x37, 0x37, 0x37, 0x37, 0x37, 0x37, 0x25, 0x37,
	0x37, 0x37, 0x37, 0x37, 0x37, 0x37, 0x37, 0x00, 0x2e, 0x00, 0x00, 0x00,
	0x60, 0x56, 0x3a, 0x3a, 0x13, 0x26, 0x3a, 0x3a, 0x3a, 0x3a, 0x13, 0x1d,
	0x1d, 0x3a, 0x3a, 0x13, 0x26, 0x13, 0x3a, 0x3a, 0x1d, 0x3a, 0x3a, 0x3a,
	0x3a, 0x3a, 0x3a, 0x3a, 0x3a, 0x13, 0x13, 0x26, 0x3a, 0x26, 0x3a, 0x3a,
	0x3a, 0x3a, 0x3a, 0x3a, 0x3a, 0x3a, 0x3a, 0x3a, 0x3a, 0x3a, 0x3a, 0x3a,
	0x3a, 0x3a, 0x3a, 0x3a, 0x3a, 0x3a, 0x3a, 0x3a, 0x3a, 0x3a, 0x3a, 0x3a,
	0x3a, 0x3a, 0x1d, 0x3a, 0x1d, 0x26, 0x3a, 0x13, 0x3a, 0x3a, 0x3a, 0x3a,
	0x3a, 0x3a, 0x3a, 0x3a, 0x13, 0x3a, 0x3a, 0x3a, 0x3a, 0x3a, 0x3a, 0x3a,
	0x3a, 0x3a, 0x3a, 0x3a, 0x3a, 0x3a, 0x3a, 0x3a, 0x3a, 0x3a, 0x26, 0x13,
	0x26, 0x3a, 0x3a, 0x3a, 0x3a, 0x13, 0x3a, 0x26, 0x3a, 0x3a, 0x3a, 0x26,
	0x56, 0x3a, 0x1d, 0x3a, 0x3a, 0x3a, 0x3a, 0x3a, 0x13, 0x13, 0x26, 0x26,
	0x3a, 0x1d, 0x30, 0x3a, 0x3a, 0x3a, 0x1d, 0x3a, 0x3a, 0x3a, 0x3a, 0x3a,
	0x13, 0x3a, 0x3a, 0x3a, 0x3a, 0x13, 0x3a, 0x3a, 0x3a, 0x1d, 0x3a, 0x3a,
	0x3a, 0x3a, 0x3a, 0x26, 0x3a, 0x26, 0x26, 0x1d, 0x3a, 0x3a, 0x26, 0x1d,
	0x1d, 0x26, 0x3a, 0x3a, 0x3a, 0x3a, 0x3a, 0x3a, 0x3a, 0x3a, 0x3a, 0x3a,
	0x3a, 0x3a, 0x3a, 0x3a, 0x3a, 0x3a, 0x3a, 0x3a, 0x3a, 0x3a, 0x3a, 0x3a,
	0x3a, 0x3a, 0x3a, 0x3a, 0x3a, 0x3a, 0x26, 0x3a, 0x3a, 0x3a, 0x3a, 0x3a,
	0x3a, 0x3a, 0x3a, 0x3a, 0x3a, 0x3a, 0x3a, 0x3a, 0x3a, 0x3a, 0x3a, 0x3a,
	0x3a, 0x3a, 0x3a, 0x1d, 0x1d, 0x26, 0x26, 0x3a, 0x3a, 0x3a, 0x3a, 0x3a,
	0x3a, 0x3a, 0x26, 0x3a, 0x3a, 0x3a, 0x3a, 0x3a, 0x3a, 0x3a, 0x3a, 0x00,
	0x30, 0x00, 0x00, 0x00, 0x64, 0x5a, 0x3c, 0x3c, 0x14, 0x28, 0x3c, 0x3c,
	0x3c, 0x3c, 0x14, 0x1e, 0x1e, 0x3c, 0x3c, 0x14, 0x28, 0x14, 0x3c, 0x3c,
	0x1e, 0x3c, 0x3c, 0x3c, 0x3c, 0x3c, 0x3c, 0x3c, 0x3c, 0x14, 0x14, 0x28,
	0x3c, 0x28, 0x3c, 0x3c, 0x3c, 0x3c, 0x3c, 0x3c, 0x3c, 0x3c, 0x3c, 0x3c,
	0x3c, 0x3c, 0x3c, 0x3c, 0x3c, 0x3c, 0x3c, 0x3c, 0x3c, 0x3c, 0x3c, 0x3c,
	0x3c, 0x3c, 0x3c, 0x3c, 0x3c, 0x3c, 0x1e, 0x3c, 0x1e, 0x28, 0x3c, 0x14,
	0x3c, 0x3c, 0x3c, 0x3c, 0x3c, 0x3c, 0x3c, 0x3c, 0x14, 0x3c, 0x3c, 0x3c,
	0x3c, 0x3c, 0x3c, 0x3c, 0x3c, 0x3c, 0x3c, 0x3c, 0x3c, 0x3c, 0x3c, 0x3c,
	0x3c, 0x3c, 0x28, 0x14, 0x28, 0x3c, 0x3c, 0x3c, 0x3c, 0x14, 0x3c, 0x28,
	0x3c, 0x3c, 0x3c, 0x28, 0x5a, 0x3c, 0x1e, 0x3c, 0x3c, 0x3c, 0x3c, 0x3c,
	0x14, 0x14, 0x28, 0x28, 0x3c, 0x1e, 0x32, 0x3c, 0x3c, 0x3c, 0x1e, 0x3c,
	0x3c, 0x3c, 0x3c, 0x3c, 0x14, 0x3c, 0x3c, 0x3c, 0x3c, 0x14, 0x3c, 0x3c,
	0x3c, 0x1e, 0x3c, 0x3c, 0x3c, 0x3c, 0x3c, 0x28, 0x3c, 0x28, 0x28, 0x1e,
	0x3c, 0x3c, 0x28, 0x1e, 0x1e, 0x28, 0x3c, 0x3c, 0x3c, 0x3c, 0x3c, 0x3c,
	0x3c, 0x3c, 0x3c, 0x3c, 0x3c, 0x3c, 0x3c, 0x3c, 0x3c, 0x3c, 0x3c, 0x3c,
	0x3c, 0x3c, 0x3c, 0x3c, 0x3c, 0x3c, 0x3c, 0x3c, 0x3c, 0x3c, 0x28, 0x3c,
	0x3c, 0x3c, 0x3c, 0x3c, 0x3c, 0x3c, 0x3c, 0x3c, 0x3c, 0x3c, 0x3c, 0x3c,
	0x3c, 0x3c, 0x3c, 0x3c, 0x3c, 0x3c, 0x3c, 0x1e, 0x1e, 0x28, 0x28, 0x3c,
	0x3c, 0x3c, 0x3c, 0x3c, 0x3c, 0x3c, 0x28, 0x3c, 0x3c, 0x3c, 0x3c, 0x3c,
	0x3c, 0x3c, 0x3c, 0x00, 0x32, 0x00, 0x00, 0x00, 0x00, 0x01, 0x00, 0x00,
	0x00, 0x01, 0x00, 0x00, 0x97, 0x31, 0x88, 0x8e, 0x5f, 0x0f, 0x3c, 0xf5,
	0x00, 0x19, 0x03, 0xe8, 0x00, 0x00, 0x00, 0x00, 0xb7, 0xd5, 0x47, 0x95,
	0x00, 0x00, 0x00, 0x00, 0xb8, 0xd1, 0xea, 0x77, 0x00, 0x00, 0xff, 0x38,
	0x03, 0x20, 0x02, 0xbc, 0x00, 0x00, 0x00, 0x00, 0x00, 0x00, 0x00, 0x00,
	0x00, 0x00, 0x00, 0x00, 0x00, 0x01, 0x00, 0x00, 0x02, 0xbc, 0xff, 0x38,
	0x00, 0x09, 0x03, 0x84, 0x00, 0x00, 0x00, 0x64, 0x03, 0x20, 0x00, 0x01,
	0x00, 0x00, 0x00, 0x00, 0x00, 0x00, 0x00, 0x00, 0x00, 0x00, 0x00, 0x00,
	0x00, 0x00, 0x00, 0xe3, 0x02, 0x58, 0x00, 0x00, 0x02, 0x58, 0x00, 0x00,
	0x00, 0xc8, 0x00, 0x00, 0x01, 0x90, 0x00, 0x00, 0x02, 0x58, 0x00, 0x00,
	0x02, 0x58, 0x00, 0x00, 0x02, 0x58, 0x00, 0x00, 0x02, 0x58, 0x00, 0x00,
	0x00, 0xc8, 0x00, 0x00, 0x01, 0x2c, 0x00, 0x00, 0x01, 0x2c, 0x00, 0x00,
	0x02, 0x58, 0x00, 0x00, 0x02, 0x58, 0x00, 0x00, 0x00, 0xc8, 0x00, 0x00,
	0x01, 0x90, 0x00, 0x00, 0x00, 0xc8, 0x00, 0x00, 0x02, 0x58, 0x00, 0x00,
	0x02, 0x58, 0x00, 0x00, 0x01, 0x2c, 0x00, 0x00, 0x02, 0x58, 0x00, 0x00,
	0x02, 0x58, 0x00, 0x00, 0x02, 0x58, 0x00, 0x00, 0x02, 0x58, 0x00, 0x00,
	0x02, 0x58, 0x00, 0x00, 0x02, 0x58, 0x00, 0x00, 0x02, 0x58, 0x00, 0x00,
	0x02, 0x58, 0x00, 0x00, 0x00, 0xc8, 0x00, 0x00, 0x00, 0xc8, 0x00, 0x00,
	0x01, 0x90, 0x00, 0x00, 0x02, 0x58, 0x00, 0x00, 0x01, 0x90, 0x00, 0x00,
	0x02, 0x58, 0x00, 0x00, 0x02, 0x58, 0x00, 0x00, 0x02, 0x58, 0x00, 0x00,
	0x02, 0x58, 0x00, 0x00, 0x02, 0x58, 0x00, 0x00, 0x02, 0x58, 0x00, 0x00,
	0x02, 0x58, 0x00, 0x00, 0x02, 0x58, 0x00, 0x00, 0x02, 0x58, 0x00, 0x00,
	0x02, 0x58, 0x00, 0x00, 0x02, 0x58, 0x00, 0x00, 0x02, 0x58, 0x00, 0x00,
	0x02, 0x58, 0x00, 0x00, 0x02, 0x58, 0x00, 0x00, 0x02, 0x58, 0x00, 0x00,
	0x02, 0x58, 0x00, 0x00, 0x02, 0x58, 0x00, 0x00, 0x02, 0x58, 0x00, 0x00,
	0x02, 0x58, 0x00, 0x00, 0x02, 0x58, 0x00, 0x00, 0x02, 0x58, 0x00, 0x00,
	0x02, 0x58, 0x00, 0x00, 0x02, 0x58, 0x00, 0x00, 0x02, 0x58, 0x00, 0x00,
	0x02, 0x58, 0x00, 0x00, 0x02, 0x58, 0x00, 0x00, 0x02, 0x58, 0x00, 0x00,
	0x02, 0x58, 0x00, 0x00, 0x01, 0x2c, 0x00, 0x00, 0x02, 0x58, 0x00, 0x00,
	0x01, 0x2c, 0x00, 0x00, 0x01, 0x90, 0x00, 0x00, 0x02, 0x58, 0x00, 0x00,
	0x00, 0xc8, 0x00, 0x00, 0x02, 0x58, 0x00, 0x00, 0x02, 0x58, 0x00, 0x00,
	0x02, 0x58, 0x00, 0x00, 0x02, 0x58, 0x00, 0x00, 0x02, 0x58, 0x00, 0x00,
	0x02, 0x58, 0x00, 0x00, 0x02, 0x58, 0x00, 0x00, 0x02, 0x58, 0x00, 0x00,
	0x00, 0xc8, 0x00, 0x00, 0x02, 0x58, 0x00, 0x00, 0x02, 0x58, 0x00, 0x00,
	0x02, 0x58, 0x00, 0x00, 0x02, 0x58, 0x00, 0x00, 0x02, 0x58, 0x00, 0x00,
	0x02, 0x58, 0x00, 0x00, 0x02, 0x58, 0x00, 0x00, 0x02, 0x58, 0x00, 0x00,
	0x02, 0x58, 0x00, 0x00, 0x02, 0x58, 0x00, 0x00, 0x02, 0x58, 0x00, 0x00,
	0x02, 0x58, 0x00, 0x00, 0x02, 0x58, 0x00, 0x00, 0x02, 0x58, 0x00, 0x00,
	0x02, 0x58, 0x00, 0x00, 0x02, 0x58, 0x00, 0x00, 0x02, 0x58, 0x00, 0x00,
	0x01, 0x90, 0x00, 0x00, 0x00, 0xc8, 0x00, 0x00, 0x01, 0x90, 0x00, 0x00,
	0x02, 0x58, 0x00, 0x00, 0x02, 0x58, 0x00, 0x00, 0x02, 0x58, 0x00, 0x00,
	0x02, 0x58, 0x00, 0x00, 0x00, 0xc8, 0x00, 0x00, 0x02, 0x58, 0x00, 0x00,
	0x01, 0x90, 0x00, 0x00, 0x02, 0x58, 0x00, 0x00, 0x02, 0x58, 0x00, 0x00,
	0x02, 0x58, 0x00, 0x00, 0x01, 0x90, 0x00, 0x00, 0x03, 0x84, 0x00, 0x00,
	0x02, 0x58, 0x00, 0x00, 0x01, 0x2c, 0x00, 0x00, 0x02, 0x58, 0x00, 0x00,
	0x02, 0x58, 0x00, 0x00, 0x02, 0x58, 0x00, 0x00, 0x02, 0x58, 0x00, 0x00,
	0x02, 0x58, 0x00, 0x00, 0x00, 0xc8, 0x00, 0x00, 0x00, 0xc8, 0x00, 0x00,
	0x01, 0x90, 0x00, 0x00, 0x01, 0x90, 0x00, 0x00, 0x02, 0x58, 0x00, 0x00,
	0x01, 0x2c, 0x00, 0x00, 0x01, 0xf4, 0x00, 0x00, 0x02, 0x58, 0x00, 0x00,
	0x02, 0x58, 0x00, 0x00, 0x02, 0x58, 0x00, 0x00, 0x01, 0x2c, 0x00, 0x00,
	0x02, 0x58, 0x00, 0x00, 0x02, 0x58, 0x00, 0x00, 0x02, 0x58, 0x00, 0x00,
	0x02, 0x58, 0x00, 0x00, 0x02, 0x58, 0x00, 0x00, 0x00, 0xc8, 0x00, 0x00,
	0x02, 0x58, 0x00, 0x00, 0x02, 0x58, 0x00, 0x00, 0x02, 0x58, 0x00, 0x00,
	0x02, 0x58, 0x00, 0x00, 0x00, 0xc8, 0x00, 0x00, 0x02, 0x58, 0x00, 0x00,
	0x02, 0x58, 0x00, 0x00, 0x02, 0x58, 0x00, 0x00, 0x01, 0x2c, 0x00, 0x00,
	0x02, 0x58, 0x00, 0x00, 0x02, 0x58, 0x00, 0x00, 0x02, 0x58, 0x00, 0x00,
	0x02, 0x58, 0x00, 0x00, 0x02, 0x58, 0x00, 0x00, 0x01, 0x90, 0x00, 0x00,
	0x02, 0x58, 0x00, 0x00, 0x01, 0x90, 0x00, 0x00, 0x01, 0x90, 0x00, 0x00,
	0x01, 0x2c, 0x00, 0x00, 0x02, 0x58, 0x00, 0x00, 0x02, 0x58, 0x00, 0x00,
	0x01, 0x90, 0x00, 0x00, 0x01, 0x2c, 0x00, 0x00, 0x01, 0x2c, 0x00, 0x00,
	0x01, 0x90, 0x00, 0x00, 0x02, 0x58, 0x00, 0x00, 0x02, 0x58, 0x00, 0x00,
	0x02, 0x58, 0x00, 0x00, 0x02, 0x58, 0x00, 0x00, 0x02, 0x58, 0x00, 0x00,
	0x02, 0x58, 0x00, 0x00, 0x02, 0x58, 0x00, 0x00, 0x02, 0x58, 0x00, 0x00,
	0x02, 0x58, 0x00, 0x00, 0x02, 0x58, 0x00, 0x00, 0x02, 0x58, 0x00, 0x00,
	0x02, 0x58, 0x00, 0x00, 0x02, 0x58, 0x00, 0x00, 0x02, 0x58, 0x00, 0x00,
	0x02, 0x58, 0x00, 0x00, 0x02, 0x58, 0x00, 0x00, 0x02, 0x58, 0x00, 0x00,
	0x02, 0x58, 0x00, 0x00, 0x02, 0x58, 0x00, 0x00, 0x02, 0x58, 0x00, 0x00,
	0x02, 0x58, 0x00, 0x00, 0x02, 0x58, 0x00, 0x00, 0x02, 0x58, 0x00, 0x00,
	0x02, 0x58, 0x00, 0x00, 0x02, 0x58, 0x00, 0x00, 0x02, 0x58, 0x00, 0x00,
	0x02, 0x58, 0x00, 0x00, 0x02, 0x58, 0x00, 0x00, 0x01, 0x90, 0x00, 0x00,
	0x02, 0x58, 0x00, 0x00, 0x02, 0x58, 0x00, 0x00, 0x02, 0x58, 0x00, 0x00,
	0x02, 0x58, 0x00, 0x00, 0x02, 0x58, 0x00, 0x00, 0x02, 0x58, 0x00, 0x00,
	0x02, 0x58, 0x00, 0x00, 0x02, 0x58, 0x00, 0x00, 0x02, 0x58, 0x00, 0x00,
	0x02, 0x58, 0x00, 0x00, 0x02, 0x58, 0x00, 0x00, 0x02, 0x58, 0x00, 0x00,
	0x02, 0x58, 0x00, 0x00, 0x02, 0x58, 0x00, 0x00, 0x02, 0x58, 0x00, 0x00,
	0x02, 0x58, 0x00, 0x00, 0x02, 0x58, 0x00, 0x00, 0x02, 0x58, 0x00, 0x00,
	0x02, 0x58, 0x00, 0x00, 0x02, 0x58, 0x00, 0x00, 0x01, 0x2c, 0x00, 0x00,
	0x01, 0x2c, 0x00, 0x00, 0x01, 0x90, 0x00, 0x00, 0x01, 0x90, 0x00, 0x00,
	0x02, 0x58, 0x00, 0x00, 0x02, 0x58, 0x00, 0x00, 0x02, 0x58, 0x00, 0x00,
	0x02, 0x58, 0x00, 0x00, 0x02, 0x58, 0x00, 0x00, 0x02, 0x58, 0x00, 0x00,
	0x02, 0x58, 0x00, 0x00, 0x01, 0x90, 0x00, 0x00, 0x02, 0x58, 0x00, 0x00,
	0x02, 0x58, 0x00, 0x00, 0x02, 0x58, 0x00, 0x00, 0x02, 0x58, 0x00, 0x00,
	0x02, 0x58, 0x00, 0x00, 0x02, 0x58, 0x00, 0x00, 0x02, 0x58, 0x00, 0x00,
	0x02, 0x58, 0x00, 0x00, 0x00, 0x00, 0x00, 0x00, 0x01, 0xf4, 0x00, 0x00,
	0x00, 0x00, 0x02, 0x38, 0x02, 0x38, 0x02, 0x54, 0x02, 0x69, 0x02, 0xa3,
	0x02, 0xce, 0x03, 0x06, 0x03, 0x31, 0x03, 0x41, 0x03, 0x62, 0x03, 0x85,
	0x03, 0xb7, 0x03, 0xcf, 0x03, 0xde, 0x03, 0xf5, 0x04, 0x04, 0x04, 0x2c,
	0x04, 0x46, 0x04, 0x5c, 0x04, 0x7d, 0x04, 0x98, 0x04, 0xb4, 0x04, 0xd4,
	0x04, 0xf5, 0x05, 0x0a, 0x05, 0x2d, 0x05, 0x49, 0x05, 0x65, 0x05, 0x7e,
	0x05, 0xa7, 0x05, 0xc8, 0x05, 0xf6, 0x06, 0x13, 0x06, 0x35, 0x06, 0x58,
	0x06, 0x7d, 0x06, 0x95, 0x06, 0xb2, 0x06, 0xd0, 0x06, 0xeb, 0x07, 0x08,
	0x07, 0x2a, 0x07, 0x45, 0x07, 0x5d, 0x07, 0x8d, 0x07, 0xa2, 0x07, 0xcd,
	0x07, 0xf7, 0x08, 0x11, 0x08, 0x32, 0x08, 0x56, 0x08, 0x7e, 0x08, 0x9e,
	0x08, 0xb4, 0x08, 0xce, 0x08, 0xfa, 0x09, 0x26, 0x09, 0x6b, 0x09, 0x88,
	0x09, 0xb2, 0x09, 0xc8, 0x09, 0xed, 0x0a, 0x07, 0x0a, 0x23, 0x0a, 0x3a,
	0x0a, 0x4a, 0x0a, 0x6d, 0x0a, 0x94, 0x0a, 0xac, 0x0a, 0xc9, 0x0a, 0xe7,
	0x0b, 0x02, 0x0b, 0x1f, 0x0b, 0x41, 0x0b, 0x53, 0x0b, 0x6b, 0x0b, 0x9b,
	0x0b, 0xb0, 0x0b, 0xd0, 0x0b, 0xeb, 0x0c, 0x05, 0x0c, 0x23, 0x0c, 0x47,
	0x0c, 0x70, 0x0c, 0x90, 0x0c, 0xa6, 0x0c, 0xc0, 0x0c, 0xec, 0x0d, 0x0d,
	0x0d, 0x52, 0x0d, 0x7d, 0x0d, 0xa7, 0x0d, 0xc4, 0x0d, 0xd4, 0x0d, 0xf1,
	0x0e, 0x0a, 0x0e, 0x2a, 0x0e, 0x4a, 0x0e, 0x6a, 0x0e, 0x79, 0x0e, 0x9c,
	0x0e, 0xb1, 0x0e, 0xcb, 0x0e, 0xfd, 0x0f, 0x21, 0x0f, 0x3d, 0x0f, 0x7e,
	0x0f, 0xb0, 0x0f, 0xcd, 0x0f, 0xee, 0x10, 0x0e, 0x10, 0x2e, 0x10, 0x4e,
	0x10, 0x6e, 0x10, 0x7e, 0x10, 0x8e, 0x10, 0xa3, 0x10, 0xb8, 0x10, 0xdc,
	0x10, 0xf6, 0x11, 0x0d, 0x11, 0x26, 0x11, 0x58, 0x11, 0x8a, 0x11, 0xa9,
	0x11, 0xca, 0x11, 0xea, 0x12, 0x0a, 0x12, 0x2d, 0x12, 0x2d, 0x12, 0x48,
	0x12, 0x6b, 0x12, 0x99, 0x12, 0xd2, 0x12, 0xfc, 0x13, 0x16, 0x13, 0x3f,
	0x13, 0x6b, 0x13, 0xa5, 0x13, 0xbb, 0x13, 0xe8, 0x14, 0x08, 0x14, 0x1f,
	0x14, 0x5e, 0x14, 0x75, 0x14, 0x8c, 0x14, 0xab, 0x14, 0xed, 0x15, 0x06,
	0x15, 0x1d, 0x15, 0x42, 0x15, 0x5c, 0x15, 0x73, 0x15, 0x84, 0x15, 0x9b,
	0x15, 0xb2, 0x15, 0xe1, 0x16, 0x1b, 0x16, 0x58, 0x16, 0x9a, 0x16, 0xb7,
	0x16, 0xe6, 0x17, 0x15, 0x17, 0x4c, 0x17, 0x7b, 0x17, 0xa2, 0x17, 0xd5,
	0x17, 0xfe, 0x18, 0x1f, 0x18, 0x4a, 0x18, 0x73, 0x18, 0xa5, 0x18, 0xc9,
	0x18, 0xf2, 0x19, 0x18, 0x19, 0x48, 0x19, 0x67, 0x19, 0x8b, 0x19, 0xbb,
	0x19, 0xe3, 0x1a, 0x09, 0x1a, 0x39, 0x1a, 0x60, 0x1a, 0x80, 0x1a, 0xa9,
	0x1a, 0xcb, 0x1a, 0xf3, 0x1b, 0x19, 0x1b, 0x49, 0x1b, 0x6a, 0x1b, 0x95,
	0x1b, 0xbb, 0x1b, 0xe1, 0x1c, 0x10, 0x1c, 0x3f, 0x1c, 0x76, 0x1c, 0xa5,
	0x1c, 0xcc, 0x1c, 0xff, 0x1d, 0x28, 0x1d, 0x49, 0x1d, 0x74, 0x1d, 0x9d,
	0x1d, 0xcf, 0x1d, 0xf3, 0x1e, 0x16, 0x1e, 0x39, 0x1e, 0x62, 0x1e, 0x85,
	0x1e, 0xa9, 0x1e, 0xcf, 0x1e, 0xf7, 0x1f, 0x1d, 0x1f, 0x4d, 0x1f, 0x74,
	0x1f, 0x94, 0x1f, 0xb4, 0x1f, 0xd6, 0x1f, 0xfe, 0x20, 0x24, 0x20, 0x54,
	0x20, 0x75, 0x20, 0xac, 0x20, 0xd2, 0x21, 0x02, 0x21, 0x02, 0x21, 0x02,
	0x00, 0x01, 0x00, 0x00, 0x00, 0xe3, 0x01, 0xbd, 0x00, 0x06, 0x00, 0x00,
	0x00, 0x00, 0x00, 0x02, 0x00, 0x00, 0x00, 0x00, 0x00, 0x14, 0x00, 0x00,
	0x02, 0x00, 0x02, 0xa6, 0x00, 0x00, 0x00, 0x01, 0x00, 0x00, 0x00, 0x0e,
	0x00, 0xae, 0x00, 0x01, 0x00, 0x00, 0x00, 0x00, 0x00, 0x00, 0x00, 0x2b,
	0x00, 0x00, 0x00, 0x01, 0x00, 0x00, 0x00, 0x00, 0x00, 0x01, 0x00, 0x0f,
	0x00, 0x2b, 0x00, 0x01, 0x00, 0x00, 0x00, 0x00, 0x00, 0x02, 0x00, 0x07,
	0x00, 0x3a, 0x00, 0x01, 0x00, 0x00, 0x00, 0x00, 0x00, 0x03, 0x00, 0x12,
	0x00, 0x41, 0x00, 0x01, 0x00, 0x00, 0x00, 0x00, 0x00, 0x04, 0x00, 0x0f,
	0x00, 0x53, 0x00, 0x01, 0x00, 0x00, 0x00, 0x00, 0x00, 0x05, 0x00, 0x0c,
	0x00, 0x62, 0x00, 0x01, 0x00, 0x00, 0x00, 0x00, 0x00, 0x06, 0x00, 0x0d,
	0x00, 0x6e, 0x00, 0x03, 0x00, 0x01, 0x04, 0x09, 0x00, 0x00, 0x00, 0x56,
	0x00, 0x7b, 0x00, 0x03, 0x00, 0x01, 0x04, 0x09, 0x00, 0x01, 0x00, 0x1e,
	0x00, 0xd1, 0x00, 0x03, 0x00, 0x01, 0x04, 0x09, 0x00, 0x02, 0x00, 0x0e,
	0x00, 0xef, 0x00, 0x03, 0x00, 0x01, 0x04, 0x09, 0x00, 0x03, 0x00, 0x24,
	0x00, 0xfd, 0x00, 0x03, 0x00, 0x01, 0x04, 0x09, 0x00, 0x04, 0x00, 0x1e,
	0x01, 0x21, 0x00, 0x03, 0x00, 0x01, 0x04, 0x09, 0x00, 0x05, 0x00, 0x18,
	0x01, 0x3f, 0x00, 0x03, 0x00, 0x01, 0x04, 0x09, 0x00, 0x06, 0x00, 0x1a,
	0x01, 0x57, 0xc6, 0x4e, 0x49, 0x47, 0x4d, 0x41, 0x20, 0x46, 0x4f, 0x4e,
	0x54, 0x53, 0x20, 0x20, 0x20, 0x5b, 0x65, 0x2d, 0x6d, 0x61, 0x69, 0x6c,
	0x5d, 0x20, 0x20, 0x6b, 0x65, 0x6e, 0x74, 0x70, 0x77, 0x40, 0x6e, 0x6f,
	0x72, 0x77, 0x69, 0x63, 0x68, 0x2e, 0x6e, 0x65, 0x74, 0x56, 0x69, 0x73,
	0x69, 0x74, 0x6f, 0x72, 0x20, 0x54, 0x54, 0x31, 0x20, 0x42, 0x52, 0x4b,
	0x52, 0x65, 0x67, 0x75, 0x6c, 0x61, 0x72, 0x46, 0x4f, 0x4e, 0x54, 0x4c,
	0x41, 0x42, 0x33, 0x30, 0x3a, 0x54, 0x54, 0x45, 0x58, 0x50, 0x4f, 0x52,
	0x54, 0x56, 0x69, 0x73, 0x69, 0x74, 0x6f, 0x72, 0x20, 0x54, 0x54, 0x31,
	0x20, 0x42, 0x52, 0x4b, 0x56, 0x65, 0x72, 0x73, 0x69, 0x6f, 0x6e, 0x20,
	0x33, 0x2e, 0x31, 0x31, 0x56, 0x69, 0x73, 0x69, 0x74, 0x6f, 0x72, 0x54,
	0x54, 0x31, 0x42, 0x52, 0x4b, 0x00, 0xc6, 0x00, 0x4e, 0x00, 0x49, 0x00,
	0x47, 0x00, 0x4d, 0x00, 0x41, 0x00, 0x20, 0x00, 0x46, 0x00, 0x4f, 0x00,
	0x4e, 0x00, 0x54, 0x00, 0x53, 0x00, 0x20, 0x00, 0x20, 0x00, 0x20, 0x00,
	0x5b, 0x00, 0x65, 0x00, 0x2d, 0x00, 0x6d, 0x00, 0x61, 0x00, 0x69, 0x00,
	0x6c, 0x00, 0x5d, 0x00, 0x20, 0x00, 0x20, 0x00, 0x6b, 0x00, 0x65, 0x00,
	0x6e, 0x00, 0x74, 0x00, 0x70, 0x00, 0x77, 0x00, 0x40, 0x00, 0x6e, 0x00,
	0x6f, 0x00, 0x72, 0x00, 0x77, 0x00, 0x69, 0x00, 0x63, 0x00, 0x68, 0x00,
	0x2e, 0x00, 0x6e, 0x00, 0x65, 0x00, 0x74, 0x00, 0x56, 0x00, 0x69, 0x00,
	0x73, 0x00, 0x69, 0x00, 0x74, 0x00, 0x6f, 0x00, 0x72, 0x00, 0x20, 0x00,
	0x54, 0x00, 0x54, 0x00, 0x31, 0x00, 0x20, 0x00, 0x42, 0x00, 0x52, 0x00,
	0x4b, 0x00, 0x52, 0x00, 0x65, 0x00, 0x67, 0x00, 0x75, 0x00, 0x6c, 0x00,
	0x61, 0x00, 0x72, 0x00, 0x46, 0x00, 0x4f, 0x00, 0x4e, 0x00, 0x54, 0x00,
	0x4c, 0x00, 0x41, 0x00, 0x42, 0x00, 0x33, 0x00, 0x30, 0x00, 0x3a, 0x00,
	0x54, 0x00, 0x54, 0x00, 0x45, 0x00, 0x58, 0x00, 0x50, 0x00, 0x4f, 0x00,
	0x52, 0x00, 0x54, 0x00, 0x56, 0x00, 0x69, 0x00, 0x73, 0x00, 0x69, 0x00,
	0x74, 0x00, 0x6f, 0x00, 0x72, 0x00, 0x20, 0x00, 0x54, 0x00, 0x54, 0x00,
	0x31, 0x00, 0x20, 0x00, 0x42, 0x00, 0x52, 0x00, 0x4b, 0x00, 0x56, 0x00,
	0x65, 0x00, 0x72, 0x00, 0x73, 0x00, 0x69, 0x00, 0x6f, 0x00, 0x6e, 0x00,
	0x20, 0x00, 0x33, 0x00, 0x2e, 0x00, 0x31, 0x00, 0x31, 0x00, 0x56, 0x00,
	0x69, 0x00, 0x73, 0x00, 0x69, 0x00, 0x74, 0x00, 0x6f, 0x00, 0x72, 0x00,
	0x54, 0x00, 0x54, 0x00, 0x31, 0x00, 0x42, 0x00, 0x52, 0x00, 0x4b, 0x00,
	0x00, 0x02, 0x00, 0x00, 0x00, 0x00, 0x00, 0x00, 0xff, 0x9c, 0x00, 0x32,
	0x00, 0x00, 0x00, 0x00, 0x00, 0x00, 0x00, 0x00, 0x00, 0x00, 0x00, 0x00,
	0x00, 0x00, 0x00, 0x00, 0x00, 0x00, 0x00, 0x00, 0x00, 0xe3, 0x00, 0x00,
	0x00, 0x03, 0x00, 0x04, 0x00, 0x05, 0x00, 0x06, 0x00, 0x07, 0x00, 0x08,
	0x00, 0x09, 0x00, 0x0a, 0x00, 0x0b, 0x00, 0x0c, 0x00, 0x0d, 0x00, 0x0e,
	0x00, 0x0f, 0x00, 0xef, 0x00, 0x11, 0x00, 0x12, 0x00, 0x13, 0x00, 0x14,
	0x00, 0x15, 0x00, 0x16, 0x00, 0x17, 0x00, 0x18, 0x00, 0x19, 0x00, 0x1a,
	0x00, 0x1b, 0x00, 0x1c, 0x00, 0x1d, 0x00, 0x1e, 0x00, 0x1f, 0x00, 0x20,
	0x00, 0x21, 0x00, 0x22, 0x00, 0x23, 0x00, 0x24, 0x00, 0x25, 0x00, 0x26,
	0x00, 0x27, 0x00, 0x28, 0x00, 0x29, 0x00, 0x2a, 0x00, 0x2b, 0x00, 0x2c,
	0x00, 0x2d, 0x00, 0x2e, 0x00, 0x2f, 0x00, 0x30, 0x00, 0x31, 0x00, 0x32,
	0x00, 0x33, 0x00, 0x34, 0x00, 0x35, 0x00, 0x36, 0x00, 0x37, 0x00, 0x38,
	0x00, 0x39, 0x00, 0x3a, 0x00, 0x3b, 0x00, 0x3c, 0x00, 0x3d, 0x00, 0x3e,
	0x00, 0x3f, 0x00, 0x40, 0x00, 0x41, 0x00, 0x42, 0x00, 0x43, 0x00, 0x44,
	0x00, 0x45, 0x00, 0x46, 0x00, 0x47, 0x00, 0x48, 0x00, 0x49, 0x00, 0x4a,
	0x00, 0x4b, 0x00, 0x4c, 0x00, 0x4d, 0x00, 0x4e, 0x00, 0x4f, 0x00, 0x50,
	0x00, 0x51, 0x00, 0x52, 0x00, 0x53, 0x00, 0x54, 0x00, 0x55, 0x00, 0x56,
	0x00, 0x57, 0x00, 0x58, 0x00, 0x59, 0x00, 0x5a, 0x00, 0x5b, 0x00, 0x5c,
	0x00, 0x5d, 0x00, 0x5e, 0x00, 0x5f, 0x00, 0x60, 0x00, 0x61, 0x01, 0x02,
	0x01, 0x03, 0x01, 0x04, 0x00, 0xc4, 0x00, 0xa6, 0x00, 0xc5, 0x00, 0xab,
	0x00, 0x82, 0x00, 0xc2, 0x00, 0xd8, 0x00, 0xc6, 0x00, 0xe4, 0x00, 0xbe,
	0x00, 0xb0, 0x01, 0x05, 0x01, 0x06, 0x01, 0x07, 0x01, 0x08, 0x00, 0xb6,
	0x00, 0xb7, 0x00, 0xb4, 0x00, 0xb5, 0x00, 0x87, 0x00, 0xb2, 0x00, 0xb3,
	0x00, 0xd9, 0x00, 0x8c, 0x00, 0xe5, 0x00, 0xbf, 0x00, 0xb1, 0x01, 0x09,
	0x01, 0x0a, 0x00, 0xbb, 0x01, 0x0b, 0x00, 0xa3, 0x00, 0x84, 0x00, 0x85,
	0x00, 0xbd, 0x00, 0x96, 0x00, 0xe8, 0x00, 0x86, 0x00, 0x8e, 0x00, 0x8b,
	0x00, 0x9d, 0x00, 0xa9, 0x00, 0xa4, 0x00, 0x10, 0x00, 0x8a, 0x01, 0x0c,
	0x00, 0x83, 0x00, 0x93, 0x00, 0xf2, 0x00, 0xf3, 0x00, 0x8d, 0x00, 0x97,
	0x00, 0x88, 0x01, 0x0d, 0x00, 0xde, 0x00, 0xf1, 0x00, 0x9e, 0x00, 0xaa,
	0x00, 0xf5, 0x00, 0xf4, 0x00, 0xf6, 0x00, 0xa2, 0x00, 0xad, 0x00, 0xc9,
	0x00, 0xc7, 0x00, 0xae, 0x00, 0x62, 0x00, 0x63, 0x00, 0x90, 0x00, 0x64,
	0x00, 0xcb, 0x00, 0x65, 0x00, 0xc8, 0x00, 0xca, 0x00, 0xcf, 0x00, 0xcc,
	0x00, 0xcd, 0x00, 0xce, 0x00, 0xe9, 0x00, 0x66, 0x00, 0xd3, 0x00, 0xd0,
	0x00, 0xd1, 0x00, 0xaf, 0x00, 0x67, 0x00, 0xf0, 0x00, 0x91, 0x00, 0xd6,
	0x00, 0xd4, 0x00, 0xd5, 0x00, 0x68, 0x00, 0xeb, 0x00, 0xed, 0x00, 0x89,
	0x00, 0x6a, 0x00, 0x69, 0x00, 0x6b, 0x00, 0x6d, 0x00, 0x6c, 0x00, 0x6e,
	0x00, 0xa0, 0x00, 0x6f, 0x00, 0x71, 0x00, 0x70, 0x00, 0x72, 0x00, 0x73,
	0x00, 0x75, 0x00, 0x74, 0x00, 0x76, 0x00, 0x77, 0x00, 0xea, 0x00, 0x78,
	0x00, 0x7a, 0x00, 0x79, 0x00, 0x7b, 0x00, 0x7d, 0x00, 0x7c, 0x00, 0xb8,
	0x00, 0xa1, 0x00, 0x7f, 0x00, 0x7e, 0x00, 0x80, 0x00, 0x81, 0x00, 0xec,
	0x00, 0xee, 0x00, 0xba, 0x01, 0x0e, 0x00, 0x02, 0x05, 0x2e, 0x30, 0x31,
	0x32, 0x37, 0x05, 0x2e, 0x30, 0x31, 0x32, 0x38, 0x05, 0x2e, 0x30, 0x31,
	0x32, 0x39, 0x05, 0x2e, 0x30, 0x31, 0x34, 0x31, 0x05, 0x2e, 0x30, 0x31,
	0x34, 0x32, 0x05, 0x2e, 0x30, 0x31, 0x34, 0x33, 0x05, 0x2e, 0x30, 0x31,
	0x34, 0x34, 0x05, 0x2e, 0x30, 0x31, 0x35, 0x37, 0x05, 0x2e, 0x30, 0x31,
	0x35, 0x38, 0x05, 0x2e, 0x30, 0x31, 0x36, 0x30, 0x06, 0x6d, 0x61, 0x63,
	0x72, 0x6f, 0x6e, 0x0e, 0x70, 0x65, 0x72, 0x69, 0x6f, 0x64, 0x63, 0x65,
	0x6e, 0x74, 0x65, 0x72, 0x65, 0x64, 0x05, 0x2e, 0x6e, 0x75, 0x6c, 0x6c,
	0xb8, 0x00, 0x00, 0x2b, 0xba, 0x00, 0x00, 0x00, 0x04, 0x00, 0x07, 0x2b
};
